condition	perturbation	obs_name	de_count	matched_genes	negative_significant_genes	positive_significant_genes	negative_significant_gobp	positive_significant_gobp	target_measured	on_target_log2_fc	estimated_knockdown_pct	on_target_zscore	on_target_adjusted_p	author_ontarget_significant
Rest	CD2BP2	ENSG00000169217_Rest	80	2459	34	47	19	25	True	-2.29455	79.62	-8.03015		True
Rest	ATXN1L	ENSG00000224470_Rest	97	2231	49	49	0	25	True	-0.550777	31.73	-2.61589		True
Rest	TNS1	ENSG00000079308_Rest	211	7246	115	96	0	25	False					False
Rest	MOV10	ENSG00000155363_Rest	955	10137	382	573	0	25	True	-1.6462	68.05	-12.3403	5.87701e-31	True
Rest	STIP1	ENSG00000168439_Rest	1028	8637	480	548	0	25	True	-3.58059	91.64	-14.6337	1.54412e-44	True
Rest	DCTPP1	ENSG00000179958_Rest	176	3834	53	123	2	25	True	-2.02	75.34	-9.72231	9.63079e-19	True
Rest	SPSB3	ENSG00000162032_Rest	151	2460	65	87	0	25	True	-0.950995	48.27	-3.50228		True
Rest	TOB2	ENSG00000183864_Rest	9	10282	5	4	10	0	True	-1.26379	58.36	-5.86917	2.71152e-05	True
Rest	SRF	ENSG00000112658_Rest	1043	5879	438	605	2	25	True	-0.582017	33.2	-3.61176	0.0100296	True
Rest	TEP1	ENSG00000129566_Rest	1362	7702	482	880	25	25	True	-4.26032	94.78	-4.85229	0.000204627	True
Rest	INPP5K	ENSG00000132376_Rest	437	5191	175	262	25	25	True	-0.566702	32.48	-3.53148	0.0235463	True
Rest	SACM1L	ENSG00000211456_Rest	706	6333	238	468	10	25	True	-0.679975	37.58	-3.9835	0.00774249	True
Rest	ARF1	ENSG00000143761_Rest	1753	8178	524	1229	25	25	True	-0.735774	39.95	-11.515	9.46858e-27	True
Rest	SAMD4B	ENSG00000179134_Rest	1163	7019	421	742	1	25	True	-0.528119	30.65	-4.72422	0.00194467	True
Rest	SENP3	ENSG00000161956_Rest	27	7024	19	8	0	15	True	-1.76694	70.62	-10.654	1.22527e-22	True
Rest	TTC39C	ENSG00000168234_Rest	332	4066	124	208	0	25	True	-1.39714	62.03	-9.56489	4.73782e-18	True
Rest	FAM83F	ENSG00000133477_Rest	246	3836	84	162	2	25	False					False
Rest	GZF1	ENSG00000125812_Rest	582	6561	107	475	21	25	True	0.0121148	-0.84	0.0601737		False
Rest	ZCCHC4	ENSG00000168228_Rest	465	4970	122	344	6	25	True	-1.73302	69.92	-5.77932		True
Rest	CCDC12	ENSG00000160799_Rest	2905	8871	990	1915	25	25	True	-0.167295	10.95	-1.19241	0.389202	False
Rest	CKAP4	ENSG00000136026_Rest	440	5653	145	296	0	25	True	-3.78815	92.76	-3.53321		True
Rest	TRUB1	ENSG00000165832_Rest	108	2917	31	78	25	25	True	-2.05008	75.85	-10.2405		True
Rest	APOBEC3G	ENSG00000239713_Rest	103	2460	25	78	0	25	True	-2.75875	85.22	-17.625	4.02349e-66	True
Rest	ZNF652	ENSG00000198740_Rest	27	9098	15	12	15	2	True	-2.48016	82.08	-17.5381	6.9552e-65	True
Rest	PRDX3	ENSG00000165672_Rest	55	5196	13	42	1	19	True	-3.36644	90.3	-20.8706	5.36415e-93	True
Rest	RBMS2	ENSG00000076067_Rest	6	10282	6	0	1	0	True	-0.720998	39.33	-1.67188	0.781455	False
Rest	WASHC4	ENSG00000136051_Rest	63	2230	32	31	0	8	True	-3.05204	87.94	-20.2073	1.93795e-87	True
Rest	MCAT	ENSG00000100294_Rest	112	6566	46	67	25	1	True	-2.65356	84.11	-7.1751		True
Rest	GFM1	ENSG00000168827_Rest	7	10282	6	1	0	0	True	-0.507675	29.66	-4.71988	0.00583583	True
Rest	MRPL41	ENSG00000182154_Rest	8	10282	1	7	0	18	False					False
Rest	MAPK14	ENSG00000112062_Rest	11	10282	9	2	10	0	True	-3.8927	93.27	-22.2245	2.46278e-105	True
Rest	SLC25A3	ENSG00000075415_Rest	75	9959	26	49	2	25	True	-1.52445	65.24	-17.3351	2.67327e-63	True
Rest	ATP2B1	ENSG00000070961_Rest	486	6570	119	367	11	25	True	-0.382752	23.3	-1.69	0.384692	False
Rest	PYURF	ENSG00000145337_Rest	21	10282	4	17	12	25	True	-3.85273	93.08	-18.4885	2.85495e-72	True
Rest	RBM23	ENSG00000100461_Rest	14	10276	2	12	0	0	True	-2.37499	80.72	-18.9515	4.6934e-76	True
Rest	RBM41	ENSG00000089682_Rest	21	2002	8	14	0	25	True	-1.69151	69.04	-5.60162		True
Rest	PABPC1	ENSG00000070756_Rest	7	10282	3	4	2	1	False					False
Rest	RAB21	ENSG00000080371_Rest	12	10282	5	7	4	6	True	-2.31544	79.91	-25.5196	1.47658e-139	True
Rest	RAF1	ENSG00000132155_Rest	33	3836	18	15	12	10	True	-0.258273	16.39	-1.74151	0.415597	False
Rest	AP3D1	ENSG00000065000_Rest	71	3143	17	54	0	25	True	-1.2999	59.38	-14.395	1.81089e-43	True
Rest	DDX60	ENSG00000137628_Rest	6	10282	0	6	0	0	True	-3.80855	92.86	-10.1622	3.61662e-20	True
Rest	EDC4	ENSG00000038358_Rest	11	10282	0	11	0	17	True	-0.633755	35.55	-7.6058	3.50224e-10	True
Rest	ZNF552	ENSG00000178935_Rest	6	10282	2	4	0	13	True	-3.18306	88.99	-10.6547	2.05137e-22	True
Rest	DHX40	ENSG00000108406_Rest	12	10282	6	6	0	3	True	-3.41501	90.62	-10.9611	2.424e-24	True
Rest	XPO5	ENSG00000124571_Rest	9	10282	8	1	0	0	True	-1.2	56.47	-10.4543	1.73197e-21	True
Rest	GNMT	ENSG00000124713_Rest	59	5193	24	36	0	25	True	-0.927687	47.43	-1.93201		True
Rest	CAB39	ENSG00000135932_Rest	9	10282	5	4	0	3	True	-1.18489	56.01	-16.8705	9.17668e-60	True
Rest	MTG2	ENSG00000101181_Rest	74	2002	41	34	1	25	True	-0.977235	49.2	-2.59071		True
Rest	MYL6	ENSG00000092841_Rest	8	10282	4	4	0	0	True	-3.23615	89.39	-23.9207	2.30894e-122	True
Rest	SRSF11	ENSG00000116754_Rest	506	10140	98	408	2	0	True	-1.21317	56.87	-4.15103	0.00402301	True
Rest	ZCCHC17	ENSG00000121766_Rest	19	4971	9	10	3	20	True	-2.25784	79.09	-9.10826		False
Rest	RIF1	ENSG00000080345_Rest	11	10282	1	10	0	3	True	-3.23084	89.35	-12.5708	3.78396e-32	True
Rest	WTAP	ENSG00000146457_Rest	43	10282	9	34	19	0	True	-0.32965	20.43	-4.19707	0.0335618	True
Rest	HELZ	ENSG00000198265_Rest	59	6337	9	50	9	25	True	-2.78315	85.47	-19.942	1.1645e-84	True
Rest	ZNF81	ENSG00000197779_Rest	44	10282	7	37	7	0	False					False
Rest	RIMKLB	ENSG00000166532_Rest	8	10282	5	3	6	0	True	-1.75728	70.42	-1.73097	0.831069	False
Rest	MTERF2	ENSG00000120832_Rest	59	10282	14	45	9	0	True	-3.64913	92.03	-8.0961	3.1681e-12	True
Rest	PCBP2	ENSG00000197111_Rest	522	10140	173	349	25	0	True	-1.28657	59.01	-3.3979	0.0356042	True
Rest	ENDOG	ENSG00000167136_Rest	286	10282	41	245	1	0	True	-3.47559	91.01	-12.3064	9.34547e-31	True
Rest	PARP14	ENSG00000173193_Rest	373	10282	83	290	1	16	True	-2.95116	87.07	-30.6544	2.63558e-202	True
Rest	SPTBN1	ENSG00000115306_Rest	431	10282	163	268	23	0	True	-0.172339	11.26	-1.51478	0.466903	False
Rest	RBM10	ENSG00000182872_Rest	383	8633	146	237	0	1	True	-3.34741	90.18	-18.1868	2.95719e-70	True
Rest	ATP5F1B	ENSG00000110955_Rest	123	9096	29	94	25	0	True	-0.71252	38.97	-6.0865	5.47483e-06	True
Rest	PTRH2	ENSG00000141378_Rest	85	10282	15	70	25	25	True	-2.88832	86.49	-4.09426	0.0135528	True
Rest	TP53	ENSG00000141510_Rest	1848	9115	891	957	1	25	True	-3.3776	90.38	-48.5386	0.0	True
Rest	CORO1A	ENSG00000102879_Rest	7	10282	2	5	0	5	True	-2.12784	77.12	-47.6126	0.0	True
Rest	H4C1	ENSG00000278637_Rest	10	10282	9	1	0	0	False					False
Rest	SERPINH1	ENSG00000149257_Rest	15	10282	3	12	1	0	True	-3.47858	91.03	-3.92176	0.0954376	True
Rest	HAUS8	ENSG00000131351_Rest	496	8410	64	432	25	25	True	-0.0979421	6.56	-0.218684	0.952931	False
Rest	TRIM39	ENSG00000204599_Rest	52	9959	47	5	0	3	True	-3.22272	89.29	-4.76633	0.00115316	True
Rest	CLUH	ENSG00000132361_Rest	31	8865	21	10	25	16	True	-3.35069	90.2	-8.29791	9.80007e-13	True
Rest	EEFSEC	ENSG00000132394_Rest	10	10282	5	5	2	6	True	-1.40018	62.11	-5.60854	0.000252443	True
Rest	STN1	ENSG00000107960_Rest	11	7252	2	9	0	0	True	-0.272365	17.2	-1.87081	0.61919	False
Rest	NUDT5	ENSG00000165609_Rest	70	9962	1	69	0	25	True	-3.71648	92.39	-8.7975	7.31191e-15	True
Rest	SOCS3	ENSG00000184557_Rest	93	10272	34	59	25	0	True	-2.05003	75.85	-5.61147	5.47835e-05	True
Rest	RAB2B	ENSG00000129472_Rest	22	9099	8	14	4	25	True	-2.2325	78.72	-10.2232	1.48105e-20	True
Rest	HELLS	ENSG00000119969_Rest	7	10282	1	6	0	1	True	-2.61712	83.7	-17.9646	4.56505e-68	True
Rest	SRSF6	ENSG00000124193_Rest	11	10282	8	3	14	1	True	-1.50651	64.8	-3.90711	0.0978138	True
Rest	HMGA1	ENSG00000137309_Rest	40	10282	3	37	0	21	True	-0.249513	15.88	-0.560251	0.99965	False
Rest	CSTB	ENSG00000160213_Rest	24	10282	0	24	0	25	True	-2.98619	87.38	-15.5296	2.70553e-50	True
Rest	NOP53	ENSG00000105373_Rest	47	5879	13	34	25	25	True	-1.17046	55.57	-6.72086	1.10795e-07	True
Rest	MRPS30	ENSG00000112996_Rest	9	10282	4	5	1	25	False					False
Rest	CMTR1	ENSG00000137200_Rest	153	6792	46	107	2	25	True	-1.40401	62.21	-8.46477	1.82093e-13	True
Rest	ZPR1	ENSG00000109917_Rest	48	3833	13	36	8	25	True	-3.10437	88.37	-3.74942		True
Rest	ATM	ENSG00000149311_Rest	96	10282	25	71	16	0	True	-2.92218	86.81	-19.6814	3.47689e-82	True
Rest	SEC23A	ENSG00000100934_Rest	13	10282	4	9	0	23	True	-1.89287	73.07	-8.11133	6.19304e-12	True
Rest	UTP23	ENSG00000147679_Rest	43	2002	14	30	2	25	True	-1.45252	63.46	-3.8574		True
Rest	ARFIP2	ENSG00000132254_Rest	8	10282	4	4	0	0	True	-3.52844	91.33	-18.5419	1.17326e-72	True
Rest	INTS6	ENSG00000102786_Rest	67	10134	23	44	8	0	True	-1.78518	70.99	-13.93	4.44994e-40	True
Rest	NOL3	ENSG00000140939_Rest	17	3383	5	13	25	23	True	-0.778324	41.7	-1.26583		True
Rest	ASXL2	ENSG00000143970_Rest	18	9329	17	1	2	0	True	-1.02898	50.99	-9.83317	2.62933e-19	True
Rest	S100A16	ENSG00000188643_Rest	7	10282	4	3	6	5	False					False
Rest	YBEY	ENSG00000182362_Rest	76	845	32	45	25	25	True	-2.51001	82.44	-1.91742		True
Rest	CWC27	ENSG00000153015_Rest	72	7482	31	41	8	19	True	-3.19998	89.12	-18.5812	3.57087e-73	True
Rest	NDUFAF5	ENSG00000101247_Rest	6	10282	2	4	2	25	True	-0.155672	10.23	-0.771507	0.999994	False
Rest	ANKLE2	ENSG00000176915_Rest	75	2002	26	49	20	0	True	-0.226424	14.52	-1.81222	0.394606	False
Rest	ZNF883	ENSG00000228623_Rest	53	10282	6	47	2	0	True	-0.390408	23.71	-0.297022	0.999568	False
Rest	DHCR7	ENSG00000172893_Rest	6	10282	4	2	0	0	True	-3.41726	90.64	-10.4548	8.6168e-22	True
Rest	HMGB3	ENSG00000029993_Rest	16	3383	13	4	25	3	True	-2.97438	87.28	-2.86542		True
Rest	METTL17	ENSG00000165792_Rest	7	10282	4	3	5	1	True	-1.94334	74.0	-14.2818	3.51201e-42	True
Rest	NEMF	ENSG00000165525_Rest	8	10282	3	5	1	14	True	-1.27266	58.61	-14.0004	1.91819e-40	True
Rest	COIL	ENSG00000121058_Rest	9	10282	8	1	3	0	True	-2.80653	85.71	-13.4707	2.88081e-37	True
Rest	ZGPAT	ENSG00000197114_Rest	7	10282	6	1	9	0	True	-0.321735	19.99	-3.78758	0.235179	False
Rest	CNOT2	ENSG00000111596_Rest	6	10282	2	4	0	0	True	-0.355128	21.82	-2.96523	0.430014	False
Rest	GRN	ENSG00000030582_Rest	7	10282	0	7	0	1	True	-1.98859	74.8	-4.0529	0.0782436	True
Rest	DAPK2	ENSG00000035664_Rest	11	10282	3	8	0	1	True	0.615908	-53.25	0.719389	0.999941	False
Rest	PRDM15	ENSG00000141956_Rest	27	10282	23	4	0	0	True	-4.30035	94.92	-4.56627	0.00299024	True
Rest	SBNO1	ENSG00000139697_Rest	228	5194	104	124	0	13	True	-1.88411	72.91	-7.3347	6.01754e-10	True
Rest	PCBP4	ENSG00000090097_Rest	53	10282	16	37	4	25	True	-3.16977	88.89	-6.56897	1.25352e-07	True
Rest	SBDS	ENSG00000126524_Rest	33	7706	13	20	10	25	True	-1.93792	73.9	-5.45295	0.000199447	True
Rest	HNRNPD	ENSG00000138668_Rest	65	10282	27	38	25	16	True	-1.83323	71.94	-24.0072	2.6136e-123	True
Rest	TPT1	ENSG00000133112_Rest	979	8170	519	460	0	25	False					False
Rest	EIF4B	ENSG00000063046_Rest	102	9546	47	55	5	5	True	-0.950028	48.24	-10.1257	4.23758e-20	True
Rest	PPRC1	ENSG00000148840_Rest	69	5430	29	40	18	25	True	-1.06587	52.23	-5.44107	5.9931e-05	True
Rest	TRIM4	ENSG00000146833_Rest	6	10282	0	6	0	8	True	-2.39488	80.99	-4.04241	0.0935366	True
Rest	PTPN11	ENSG00000179295_Rest	7	10282	2	5	0	0	True	-2.35	80.39	-17.5546	6.78228e-65	True
Rest	KMT2C	ENSG00000055609_Rest	452	9771	311	141	25	20	True	-2.59125	83.41	-28.8747	2.54015e-179	True
Rest	ARL4D	ENSG00000175906_Rest	15	9546	12	3	7	0	True	-2.00123	75.02	-2.62103	0.433923	False
Rest	MVP	ENSG00000013364_Rest	6	10282	2	4	0	1	True	-3.94535	93.51	-16.0586	6.15201e-54	True
Rest	BRIP1	ENSG00000136492_Rest	57	2458	16	42	15	25	True	-0.909527	46.76	-1.71049		True
Rest	PURG	ENSG00000172733_Rest	6	10282	1	5	0	25	False					False
Rest	NUDT16	ENSG00000198585_Rest	9	10282	4	5	0	2	True	-4.79736	96.4	-6.94154	4.7959e-08	True
Rest	SKIC2	ENSG00000204351_Rest	61	3832	18	44	0	5	True	-1.26622	58.43	-1.96395		True
Rest	SMARCA4	ENSG00000127616_Rest	39	9758	13	26	25	2	True	-2.49765	82.29	-9.94252	2.77694e-19	True
Rest	RCAN3	ENSG00000117602_Rest	7	10282	6	1	0	0	True	-3.29132	89.79	-24.2654	5.62582e-126	True
Rest	ZBTB24	ENSG00000112365_Rest	7	10282	6	1	0	0	True	-2.25243	79.01	-3.48889	0.354313	False
Rest	YTHDF2	ENSG00000198492_Rest	901	10278	282	619	0	0	True	-2.47651	82.03	-26.708	4.15715e-153	True
Rest	BCL6	ENSG00000113916_Rest	15	4751	1	15	0	0	True	-0.87275	45.39	-2.43195		True
Rest	RBM5	ENSG00000003756_Rest	28	9538	21	7	0	7	True	-2.88284	86.44	-18.0914	3.71468e-69	True
Rest	PUS7L	ENSG00000129317_Rest	7	10282	2	5	0	3	True	-3.29926	89.84	-12.3433	3.27305e-31	True
Rest	CIR1	ENSG00000138433_Rest	33	8168	18	15	0	22	True	-2.973	87.26	-8.64327	2.35759e-14	True
Rest	ARL5B	ENSG00000165997_Rest	56	7020	14	42	0	12	True	-0.737158	40.01	-6.95208	1.01262e-08	True
Rest	RAB5B	ENSG00000111540_Rest	6	10282	3	3	1	0	True	-3.32699	90.04	-16.9206	3.92476e-60	True
Rest	UNK	ENSG00000132478_Rest	11	10282	7	4	2	4	True	-1.65824	68.32	-7.19124	3.97245e-09	True
Rest	UTP4	ENSG00000141076_Rest	13	10282	0	13	0	0	False					False
Rest	NOL12	ENSG00000273899_Rest	15	10282	2	13	0	25	True	-0.151062	9.94	-0.743288	0.999984	False
Rest	RBM33	ENSG00000184863_Rest	164	9760	46	118	0	0	True	-1.59798	66.97	-14.1104	1.67398e-41	True
Rest	HNRNPA1	ENSG00000135486_Rest	482	9756	234	248	1	0	False					False
Rest	ETFBKMT	ENSG00000139160_Rest	12	10282	0	12	0	25	True	-2.00845	75.15	-1.52147	0.99991	False
Rest	SPEN	ENSG00000065526_Rest	20	7936	3	17	0	25	True	-1.37096	61.34	-9.13069	5.64464e-16	True
Rest	WDR26	ENSG00000162923_Rest	38	10282	10	28	5	25	True	-1.28905	59.08	-7.43771	3.97601e-10	True
Rest	YBX2	ENSG00000006047_Rest	6	10282	6	0	24	0	False					False
Rest	MRPL24	ENSG00000143314_Rest	6	10282	1	5	0	11	False					False
Rest	PLOD3	ENSG00000106397_Rest	89	10282	8	81	25	25	True	-2.58786	83.37	-3.091	0.16119	False
Rest	RAB6B	ENSG00000154917_Rest	40	8868	2	38	0	25	True	0.669892	-59.1	0.396255		False
Rest	LSM12	ENSG00000161654_Rest	534	8631	224	310	25	25	True	-3.68255	92.21	-10.177	2.26274e-20	True
Rest	SRP14	ENSG00000140319_Rest	57	6114	21	36	6	25	False					False
Rest	UCHL5	ENSG00000116750_Rest	255	7249	147	108	25	0	True	-2.47051	81.96	-9.09617	3.54394e-16	True
Rest	WRAP53	ENSG00000141499_Rest	320	9104	183	137	25	6	True	-4.13677	94.32	-9.6803	1.73613e-18	True
Rest	EIF4A1	ENSG00000161960_Rest	178	9099	55	123	6	1	True	-2.2545	79.04	-13.078	4.17313e-35	True
Rest	ENO1	ENSG00000074800_Rest	6	10282	0	6	0	9	True	-1.79864	71.26	-14.4472	3.22573e-43	True
Rest	HECTD1	ENSG00000092148_Rest	15	10282	6	9	0	25	True	-1.84784	72.22	-8.86653	9.33904e-15	True
Rest	ATG3	ENSG00000144848_Rest	19	8870	17	2	13	0	True	-2.57604	83.23	-18.2373	2.41716e-70	True
Rest	RC3H2	ENSG00000056586_Rest	11	10282	2	9	0	18	True	-3.61353	91.83	-14.2464	5.83693e-42	True
Rest	SPSB1	ENSG00000171621_Rest	7	10282	0	7	0	25	True	-2.51256	82.48	-9.67877	4.59029e-18	True
Rest	GTF3C3	ENSG00000119041_Rest	8	10282	0	8	0	21	True	-3.99641	93.73	-3.97235	0.0978058	True
Rest	METTL3	ENSG00000165819_Rest	19	10282	0	19	0	25	True	-0.982966	49.41	-4.71376	0.00383672	True
Rest	ILK	ENSG00000166333_Rest	6	10282	5	1	13	0	True	-0.886136	45.89	-7.00146	3.13175e-08	True
Rest	RAB23	ENSG00000112210_Rest	7	10282	6	1	3	0	True	-1.61084	67.26	-5.16824	0.000973993	True
Rest	ZNF200	ENSG00000010539_Rest	9	10282	1	8	0	0	True	-3.57991	91.64	-11.9611	7.02798e-29	True
Rest	OPA1	ENSG00000198836_Rest	24	10282	5	19	14	25	True	-2.79743	85.62	-7.12815	1.25935e-08	True
Rest	TRMT6	ENSG00000089195_Rest	27	5649	18	10	8	25	True	-0.726394	39.56	-2.82025		True
Rest	MOGS	ENSG00000115275_Rest	22	9539	4	18	4	25	True	-2.37755	80.76	-14.1543	1.75148e-41	True
Rest	SHMT2	ENSG00000182199_Rest	8	10282	1	7	0	19	True	-2.5489	82.91	-9.11925	9.35927e-16	True
Rest	TOPBP1	ENSG00000163781_Rest	20	1544	1	20	0	25	True	-0.232839	14.9	-1.09408		True
Rest	GCN1	ENSG00000089154_Rest	57	2919	18	39	12	25	True	-3.41159	90.6	-11.0218	9.05381e-25	True
Rest	NAE1	ENSG00000159593_Rest	77	10141	4	73	3	5	False					False
Rest	SREK1	ENSG00000153914_Rest	14	10282	5	9	4	2	False					False
Rest	MATR3	ENSG00000015479_Rest	51	7946	28	23	22	16	False					False
Rest	PAX6	ENSG00000007372_Rest	12	10282	2	10	0	25	False					False
Rest	SUGP1	ENSG00000105705_Rest	94	8634	41	53	25	0	True	-1.83204	71.91	-6.86956	2.90284e-08	True
Rest	MRPL13	ENSG00000172172_Rest	40	10282	0	40	0	25	False					False
Rest	TIMM50	ENSG00000105197_Rest	33	10282	3	30	0	25	True	-1.21097	56.8	-3.145	0.216973	False
Rest	GPATCH8	ENSG00000186566_Rest	57	8630	20	37	2	0	True	-3.00176	87.52	-12.2087	2.51638e-30	True
Rest	XPOT	ENSG00000184575_Rest	7	10282	1	6	0	5	True	-3.62441	91.89	-10.2149	2.10447e-20	True
Rest	CAPRIN2	ENSG00000110888_Rest	20	10277	4	16	6	5	True	-2.69963	84.61	-3.27141	0.254868	False
Rest	PSIP1	ENSG00000164985_Rest	122	10275	30	92	1	1	True	-2.37223	80.69	-13.15	1.86015e-35	True
Rest	HNRNPA2B1	ENSG00000122566_Rest	147	9326	80	67	0	0	True	-1.99308	74.88	-27.0317	6.10586e-157	True
Rest	PRRC2A	ENSG00000204469_Rest	31	9325	21	10	0	10	True	-3.09053	88.26	-12.9704	1.7517e-34	True
Rest	UBE2L3	ENSG00000185651_Rest	1904	10282	697	1207	0	19	True	-2.7842	85.48	-34.5989	2.99387e-258	True
Rest	SIRT7	ENSG00000187531_Rest	119	9964	36	83	12	17	True	-0.886088	45.89	-7.05409	9.08131e-09	True
Rest	ZC3H12A	ENSG00000163874_Rest	180	9761	97	83	0	25	True	-0.743785	40.28	-6.12254	1.56819e-06	True
Rest	SRSF10	ENSG00000188529_Rest	376	9752	186	190	0	0	True	-2.44233	81.6	-9.69062	8.43481e-19	True
Rest	APOBEC3B	ENSG00000179750_Rest	112	10282	11	101	14	5	True	-2.36687	80.61	-5.90342	3.10215e-06	True
Rest	OTUD4	ENSG00000164164_Rest	27	10282	19	8	6	3	True	-1.13235	54.38	-7.51387	1.3104e-10	True
Rest	ZMAT1	ENSG00000166432_Rest	189	10281	21	168	0	16	True	-2.96469	87.19	-3.50496	0.0494441	True
Rest	ZNF579	ENSG00000218891_Rest	32	10282	6	26	2	25	True	-1.71531	69.55	-3.01727	0.45709	False
Rest	GIGYF2	ENSG00000204120_Rest	157	10282	47	110	15	0	True	-3.07674	88.15	-11.4896	1.66129e-26	True
Rest	SRSF5	ENSG00000100650_Rest	22	10282	2	20	0	11	True	-0.882913	45.77	-10.2204	1.9876e-20	True
Rest	VIM	ENSG00000026025_Rest	26	10282	8	18	6	25	True	-1.28783	59.04	-15.1992	4.43469e-48	True
Rest	AK3	ENSG00000147853_Rest	323	10282	35	288	3	23	True	-2.92958	86.87	-14.2505	5.18736e-42	True
Rest	SMAD3	ENSG00000166949_Rest	529	10281	109	420	6	25	True	0.115382	-8.33	1.47348	0.576268	False
Rest	CHD4	ENSG00000111642_Rest	1199	10282	433	766	25	25	True	-0.764351	41.13	-7.61273	1.91364e-11	True
Rest	MTA2	ENSG00000149480_Rest	1521	10282	549	972	16	25	True	-1.91963	73.57	-16.9702	1.52446e-60	True
Rest	FASTKD5	ENSG00000215251_Rest	29	9117	9	20	15	25	True	-2.51795	82.54	-12.3501	4.62523e-31	True
Rest	TRMT10C	ENSG00000174173_Rest	8	10282	1	7	0	25	True	-1.17334	55.66	-7.37951	1.96443e-09	True
Rest	MRPL10	ENSG00000159111_Rest	94	10282	13	81	2	25	False					False
Rest	MRPL50	ENSG00000136897_Rest	6	10282	2	4	0	12	False					False
Rest	URM1	ENSG00000167118_Rest	430	9961	159	271	25	25	True	-1.74537	70.17	-7.91744	3.16733e-12	True
Rest	CTU1	ENSG00000142544_Rest	454	10146	112	342	25	25	True	-1.27967	58.81	-1.08128	0.726275	False
Rest	ELP3	ENSG00000134014_Rest	665	8169	241	424	17	25	True	-2.5001	82.32	-11.2185	2.82193e-25	True
Rest	CREBBP	ENSG00000005339_Rest	1561	9961	601	960	25	25	True	-2.18326	77.98	-22.9774	8.20393e-113	True
Rest	SRSF8	ENSG00000263465_Rest	9	10282	8	1	10	0	True	-3.95604	93.56	-15.3376	5.30606e-49	True
Rest	ATP5F1A	ENSG00000152234_Rest	113	10275	21	92	25	25	True	-2.15488	77.54	-14.7782	2.2136e-45	True
Rest	PELO	ENSG00000152684_Rest	162	9099	30	132	25	20	True	-2.8533	86.16	-4.76131	0.00121702	True
Rest	ZNFX1	ENSG00000124201_Rest	20	10275	3	17	5	25	True	-3.34854	90.18	-14.1721	1.48971e-41	True
Rest	MBD3	ENSG00000071655_Rest	53	10282	28	25	0	2	True	-3.50235	91.18	-18.7766	1.45024e-74	True
Rest	KAT5	ENSG00000172977_Rest	6	10282	3	3	3	0	True	-0.469871	27.8	-2.89017	0.794192	False
Rest	CELF2	ENSG00000048740_Rest	27	10282	13	14	20	7	True	-1.30396	59.5	-27.5003	2.15056e-162	True
Rest	R3HCC1	ENSG00000104679_Rest	6	10282	1	5	0	9	True	-1.86027	72.46	-12.8303	1.37137e-33	True
Rest	EEF1E1	ENSG00000124802_Rest	26	10282	3	23	6	25	True	-2.86862	86.31	-9.64084	6.64642e-18	True
Rest	AKAP17A	ENSG00000197976_Rest	28	10282	14	14	0	25	True	-2.11898	76.98	-16.6258	5.60748e-58	True
Rest	TSEN15	ENSG00000198860_Rest	13	10282	0	13	0	25	True	-2.07289	76.23	-8.88138	7.37662e-15	True
Rest	ZRANB2	ENSG00000132485_Rest	38	8399	22	16	0	25	True	-2.98637	87.38	-14.5337	6.50186e-44	True
Rest	REXO5	ENSG00000005189_Rest	10	10282	4	6	0	25	True	-3.59571	91.73	-4.32154	0.0273809	True
Rest	SETD1B	ENSG00000139718_Rest	108	10137	65	43	25	25	True	-2.97276	87.26	-10.355	2.12149e-21	True
Rest	NOL7	ENSG00000225921_Rest	10	10282	1	9	0	11	True	-0.541059	31.27	-1.68724	0.999096	False
Rest	PPIL4	ENSG00000131013_Rest	10	10282	0	10	0	6	True	-0.787021	42.05	-1.53743	0.999971	False
Rest	ALKBH5	ENSG00000091542_Rest	6	10282	1	5	0	18	True	-3.41134	90.6	-25.1116	4.59264e-135	True
Rest	CCDC9	ENSG00000105321_Rest	9	10282	5	4	12	0	True	-2.67116	84.3	-7.7587	5.30826e-11	True
Rest	HNRNPM	ENSG00000099783_Rest	27	10282	2	25	0	5	True	-1.02651	50.91	-5.81353	2.32856e-05	True
Rest	UBTF	ENSG00000108312_Rest	16	10282	4	12	4	23	True	-0.275682	17.39	-3.08706	0.581471	False
Rest	PCYT2	ENSG00000185813_Rest	827	9756	266	561	25	25	True	-2.56464	83.1	-8.9576	2.42034e-16	True
Rest	DIS3L	ENSG00000166938_Rest	19	6791	6	13	0	13	True	-3.41447	90.62	-9.10238	6.26845e-16	True
Rest	RPP14	ENSG00000163684_Rest	7	10282	0	7	0	25	True	-1.08489	52.86	-1.50297	0.999887	False
Rest	SLC4A1AP	ENSG00000163798_Rest	306	9100	67	239	25	1	True	-1.03444	51.18	-9.41696	4.40753e-17	True
Rest	ADAT2	ENSG00000189007_Rest	204	10282	52	152	25	25	True	-3.51286	91.24	-7.22643	1.15618e-09	True
Rest	MRPL35	ENSG00000132313_Rest	24	10282	3	21	12	25	False					False
Rest	HTT	ENSG00000197386_Rest	10	10282	2	8	0	12	True	-2.6281	83.82	-25.7602	3.0634e-142	True
Rest	PCBP1	ENSG00000169564_Rest	75	9102	34	41	6	0	True	-2.15164	77.49	-10.5537	4.63675e-22	True
Rest	AIMP1	ENSG00000164022_Rest	7	10282	2	5	1	25	True	-3.22688	89.32	-22.3179	3.06464e-106	True
Rest	CALR	ENSG00000179218_Rest	62	9535	1	61	0	25	True	-1.80956	71.47	-10.5963	7.72511e-23	True
Rest	SPATS2	ENSG00000123352_Rest	18	9960	10	8	3	11	True	-2.99401	87.45	-5.42223	0.000307506	True
Rest	ACSL3	ENSG00000123983_Rest	15	10282	2	13	0	1	True	-2.76549	85.29	-11.9703	6.29294e-29	True
Rest	HENMT1	ENSG00000162639_Rest	6	10282	3	3	0	0	True	-2.94145	86.98	-10.9111	6.31593e-24	True
Rest	DAD1	ENSG00000129562_Rest	35	10282	4	31	1	25	False					False
Rest	ZC3H3	ENSG00000014164_Rest	217	9754	30	187	7	0	True	-2.29171	79.58	-7.02312	1.23084e-09	True
Rest	EDC3	ENSG00000179151_Rest	913	10282	201	712	10	25	True	-3.80996	92.87	-20.5662	6.42241e-90	True
Rest	DIS3L2	ENSG00000144535_Rest	473	10282	26	447	1	25	True	-3.44898	90.84	-13.7717	4.48747e-39	True
Rest	EIF1AX	ENSG00000173674_Rest	1289	10282	185	1104	25	25	True	0.203861	-15.18	0.475586	0.888959	False
Rest	RAD54L2	ENSG00000164080_Rest	162	10282	4	158	3	25	True	-0.00471064	0.33	-0.060517	0.999978	False
Rest	GPATCH3	ENSG00000198746_Rest	73	10282	7	66	0	25	True	-2.99431	87.45	-8.74091	2.63919e-14	True
Rest	SIK2	ENSG00000170145_Rest	146	10282	3	143	0	0	True	-3.16474	88.85	-6.08357	1.52094e-06	True
Rest	SGF29	ENSG00000176476_Rest	3446	10282	820	2626	25	9	True	-3.20608	89.16	-13.5824	5.69102e-38	True
Rest	ZFPM1	ENSG00000179588_Rest	2419	10282	561	1858	25	25	False					False
Rest	STT3A	ENSG00000134910_Rest	24	7706	10	14	25	12	True	-1.89695	73.15	-17.0633	2.24222e-61	True
Rest	ZNF177	ENSG00000188629_Rest	24	10282	4	20	0	6	True	-1.76456	70.57	-1.88125	0.731962	False
Rest	EZH2	ENSG00000106462_Rest	233	10282	25	208	25	11	True	-1.31198	59.72	-5.86155	1.81602e-05	True
Rest	MYNN	ENSG00000085274_Rest	20	10282	7	13	1	25	True	-1.91212	73.43	-11.8194	3.53382e-28	True
Rest	CPSF6	ENSG00000111605_Rest	2157	10142	763	1394	25	20	True	-1.83806	72.03	-8.08716	1.71918e-13	True
Rest	NPM1	ENSG00000181163_Rest	34	10282	5	29	9	7	False					False
Rest	RHEB	ENSG00000106615_Rest	158	10282	24	134	5	0	True	-1.08591	52.89	-9.18289	1.59707e-16	True
Rest	SPSB2	ENSG00000111671_Rest	51	10282	5	46	1	16	True	-3.05454	87.96	-13.6993	1.26733e-38	True
Rest	CAND1	ENSG00000111530_Rest	837	9961	360	477	25	8	True	-3.39996	90.53	-30.8674	3.42183e-205	True
Rest	NUDT1	ENSG00000106268_Rest	15	10282	3	12	0	15	True	-3.17963	88.96	-16.7729	4.76016e-59	True
Rest	PIWIL4	ENSG00000134627_Rest	9	10282	2	7	0	25	True	-1.00457	50.16	-1.32567	0.99985	False
Rest	EIF4G2	ENSG00000110321_Rest	2013	9549	693	1320	25	12	True	-2.01497	75.26	-7.72218	6.00631e-12	True
Rest	IPO11	ENSG00000086200_Rest	39	10282	10	29	13	0	True	-0.164343	10.77	-0.902025	0.976806	False
Rest	TIA1	ENSG00000116001_Rest	67	10278	9	58	0	25	True	-1.69294	69.07	-21.9397	1.18753e-102	True
Rest	KHSRP	ENSG00000088247_Rest	13	10282	1	12	0	0	True	-1.45946	63.64	-10.0334	1.34428e-19	True
Rest	MYH9	ENSG00000100345_Rest	118	10282	25	93	25	25	True	-0.722089	39.38	-11.9367	8.88563e-29	True
Rest	TIAL1	ENSG00000151923_Rest	53	10282	20	33	3	0	True	-1.48594	64.3	-19.709	2.01906e-82	True
Rest	MORF4L1	ENSG00000185787_Rest	8	10282	4	4	2	0	True	-2.85482	86.18	-21.9227	1.9535e-102	True
Rest	RYBP	ENSG00000163602_Rest	6	10282	0	6	0	2	True	-0.149875	9.87	-1.05083	0.999969	False
Rest	WBP11	ENSG00000084463_Rest	15	10282	1	14	0	25	True	-0.329613	20.43	-1.27375	0.999979	False
Rest	ZFC3H1	ENSG00000133858_Rest	238	9962	34	204	19	7	True	-3.08708	88.23	-8.99331	2.27986e-16	True
Rest	NSUN2	ENSG00000037474_Rest	37	9966	22	15	5	0	True	-1.50916	64.87	-12.9478	1.26476e-34	True
Rest	WBP4	ENSG00000120688_Rest	141	8877	33	108	25	2	True	-2.98507	87.37	-7.68866	6.88497e-11	True
Rest	CPEB3	ENSG00000107864_Rest	9	10282	3	6	1	25	True	-2.78654	85.51	-5.40875	0.000130823	True
Rest	CDKN2AIP	ENSG00000168564_Rest	112	10282	61	51	0	22	True	-2.31717	79.93	-8.65213	1.88214e-14	True
Rest	TAP1	ENSG00000168394_Rest	9	10282	2	7	25	6	True	-1.68421	68.88	-16.937	2.97153e-60	True
Rest	TRIP6	ENSG00000087077_Rest	6	10282	2	4	0	0	True	-3.49894	91.15	-4.23632	0.0635739	True
Rest	SRSF4	ENSG00000116350_Rest	8	10282	6	2	4	0	True	-1.23072	57.39	-15.1128	1.64846e-47	True
Rest	UBE3C	ENSG00000009335_Rest	27	10277	14	13	25	1	True	-2.77788	85.42	-24.619	8.64889e-130	True
Rest	CPSF7	ENSG00000149532_Rest	6	10282	2	4	0	0	True	-1.16608	55.44	-9.32065	1.42982e-16	True
Rest	SYNCRIP	ENSG00000135316_Rest	36	3379	21	16	0	25	True	-2.41386	81.23	-3.31475		True
Rest	CNBP	ENSG00000169714_Rest	52	8172	24	28	0	5	True	-1.87108	72.66	-32.4669	2.66939e-227	True
Rest	MPHOSPH6	ENSG00000135698_Rest	6	10282	1	5	0	20	True	-0.548376	31.62	-2.95074	0.711487	False
Rest	SAFB	ENSG00000160633_Rest	6	10282	1	5	0	0	True	-0.989862	49.65	-9.10904	1.02905e-15	True
Rest	TRRAP	ENSG00000196367_Rest	567	8646	211	356	12	2	True	-1.05973	52.03	-11.8847	1.28394e-28	True
Rest	ZNF600	ENSG00000189190_Rest	10	10282	3	7	1	10	True	-2.27779	79.38	-6.22666	5.89564e-06	True
Rest	RBM18	ENSG00000119446_Rest	16	10282	6	10	6	25	True	-2.35357	80.43	-7.45018	1.15466e-09	True
Rest	DAZAP1	ENSG00000071626_Rest	21	9541	2	19	0	7	True	-1.66111	68.38	-6.48778	8.68319e-07	True
Rest	ZBP1	ENSG00000124256_Rest	17	10282	6	11	4	25	True	-3.14965	88.73	-6.55639	2.27299e-07	True
Rest	QRSL1	ENSG00000130348_Rest	17	10282	8	9	20	14	True	-2.82262	85.86	-9.59513	1.03741e-17	True
Rest	NARS2	ENSG00000137513_Rest	11	10282	0	11	0	7	True	-2.87802	86.4	-6.96612	4.0296e-08	True
Rest	MRPL11	ENSG00000174547_Rest	71	9960	18	53	25	25	False					False
Rest	MRPS23	ENSG00000181610_Rest	119	7934	39	80	25	0	False					False
Rest	PKM	ENSG00000067225_Rest	56	6577	28	28	9	0	True	-2.74561	85.09	-14.8966	2.38253e-46	True
Rest	MRPS5	ENSG00000144029_Rest	14	10282	3	11	1	25	False					False
Rest	WARS2	ENSG00000116874_Rest	58	8402	20	38	12	6	True	-2.47927	82.07	-8.24372	1.46489e-12	True
Rest	MRPL16	ENSG00000166902_Rest	124	10276	28	96	25	15	False					False
Rest	COA3	ENSG00000183978_Rest	111	9960	21	90	25	0	True	-3.50094	91.17	-9.05685	1.40332e-15	True
Rest	BCS1L	ENSG00000074582_Rest	453	9332	120	333	0	7	True	-4.07248	94.06	-7.42043	5.6847e-10	True
Rest	MRPL46	ENSG00000259494_Rest	250	7712	78	172	25	0	False					False
Rest	MRPL42	ENSG00000198015_Rest	231	9103	78	153	25	0	False					False
Rest	MRPS15	ENSG00000116898_Rest	243	8633	83	160	25	0	False					False
Rest	MRPS17	ENSG00000239789_Rest	465	9098	151	314	25	0	False					False
Rest	TFAM	ENSG00000108064_Rest	340	8628	102	238	25	0	True	-3.40167	90.54	-16.085	2.93066e-54	True
Rest	LRPPRC	ENSG00000138095_Rest	771	8401	325	446	25	0	True	-3.88076	93.21	-20.3481	4.23692e-88	True
Rest	C1D	ENSG00000197223_Rest	554	9545	158	396	25	0	True	-3.44778	90.84	-8.29021	1.87946e-13	True
Rest	POLG2	ENSG00000256525_Rest	13	9960	4	9	3	25	True	-1.42122	62.66	-5.5377	0.000106741	True
Rest	MRPS18C	ENSG00000163319_Rest	7	10282	1	6	0	1	False					False
Rest	RAVER2	ENSG00000162437_Rest	21	10282	4	17	1	5	True	-1.92744	73.71	-1.58896	0.740123	False
Rest	MRPL22	ENSG00000082515_Rest	19	10281	4	15	2	0	False					False
Rest	RCC1L	ENSG00000274523_Rest	57	2003	34	24	25	0	True	-3.38444	90.42	-14.1581		True
Rest	TRIP12	ENSG00000153827_Rest	2012	10272	945	1067	25	3	True	-2.76057	85.24	-37.9354	0.0	True
Rest	COQ3	ENSG00000132423_Rest	698	9761	235	463	25	1	True	-3.44753	90.83	-3.769	0.0110932	True
Rest	DHX36	ENSG00000174953_Rest	2326	9095	1010	1316	25	25	True	-2.77235	85.36	-9.57247	3.19456e-19	True
Rest	ADAT3	ENSG00000213638_Rest	937	9546	422	515	25	1	False					False
Rest	METTL1	ENSG00000037897_Rest	514	9548	170	344	25	6	True	-2.40777	81.16	-4.18344	0.00485591	True
Rest	IARS2	ENSG00000067704_Rest	337	9963	43	294	25	9	True	-4.7464	96.27	-2.45619	0.243366	False
Rest	RTRAF	ENSG00000087302_Rest	1143	10137	410	733	25	13	True	-2.71698	84.79	-10.6474	2.12963e-23	True
Rest	DDX1	ENSG00000079785_Rest	307	9966	50	257	25	25	True	-3.16376	88.84	-7.51211	8.69088e-11	True
Rest	TRMT61A	ENSG00000166166_Rest	147	10282	36	111	0	25	True	-2.0167	75.29	-3.65116	0.042879	True
Rest	MRPL55	ENSG00000162910_Rest	22	9760	4	18	12	25	False					False
Rest	TSEN2	ENSG00000154743_Rest	173	10138	38	135	25	25	False					False
Rest	PNPT1	ENSG00000138035_Rest	130	10278	35	95	25	25	True	-3.14517	88.7	-5.22704	0.00018844	True
Rest	PTCD2	ENSG00000049883_Rest	49	1075	40	10	25	12	True	-3.45794	90.9	-3.73031		True
Rest	MRPL39	ENSG00000154719_Rest	33	10282	10	23	4	25	False					False
Rest	RNASEH1	ENSG00000171865_Rest	77	4295	31	46	25	0	True	-1.63179	67.73	-9.59012	3.92475e-18	True
Rest	UGDH	ENSG00000109814_Rest	965	10141	421	544	25	0	True	-2.68644	84.47	-6.12837	6.78118e-07	True
Rest	PAIP1	ENSG00000172239_Rest	117	7021	39	79	25	13	True	-0.84376	44.28	-1.93025		True
Rest	SETDB1	ENSG00000143379_Rest	2290	10282	815	1475	25	0	True	-2.58207	83.3	-27.3301	1.08505e-160	True
Rest	MCTS1	ENSG00000232119_Rest	973	8632	401	572	25	12	True	-2.86806	86.3	-24.5879	1.53343e-129	True
Rest	METAP2	ENSG00000111142_Rest	771	7470	393	378	25	25	True	-1.68335	68.86	-11.4594	1.6484e-26	True
Rest	KRI1	ENSG00000129347_Rest	96	9760	15	81	25	12	True	-0.885185	45.86	-2.24164	0.412346	False
Rest	POLR1E	ENSG00000137054_Rest	134	2919	58	76	25	25	False					False
Rest	TPI1	ENSG00000111669_Rest	82	2231	51	31	25	25	False					False
Rest	EXOSC1	ENSG00000171311_Rest	365	9541	106	259	25	0	True	-2.92201	86.81	-3.00524	0.0813912	True
Rest	MDM4	ENSG00000198625_Rest	108	9752	26	82	25	9	True	-2.95835	87.13	-10.7079	9.54369e-23	True
Rest	SERF2	ENSG00000140264_Rest	40	10282	12	28	25	20	True	-3.51812	91.27	-13.7895	3.43403e-39	True
Rest	LARP1	ENSG00000155506_Rest	18	1309	8	11	25	25	True	-0.360076	22.09	-2.22769		True
Rest	ZFR	ENSG00000056097_Rest	122	3610	71	51	25	1	True	-1.29161	59.15	-7.98217	2.6844e-12	True
Rest	DIS3	ENSG00000083520_Rest	244	9757	73	171	25	0	True	-1.28955	59.09	-3.67807	0.0282369	True
Rest	RPRD1A	ENSG00000141425_Rest	273	4746	174	100	25	0	True	-2.99687	87.47	-2.34005		True
Rest	PATL1	ENSG00000166889_Rest	165	3378	78	87	25	18	True	-1.36352	61.14	-8.77777	5.82803e-15	True
Rest	PGK1	ENSG00000102144_Rest	267	4748	195	72	25	5	True	-2.97181	87.25	-7.01488	1.13553e-08	True
Rest	CDK13	ENSG00000065883_Rest	557	9959	273	284	25	0	True	-2.38853	80.9	-13.9904	1.86418e-40	True
Rest	LEO1	ENSG00000166477_Rest	3014	9759	1499	1515	25	12	True	-3.74473	92.54	-11.2437	8.47216e-26	True
Rest	EIF3J	ENSG00000104131_Rest	429	9097	166	263	25	0	True	-3.48559	91.07	-8.3087	9.18085e-13	True
Rest	SNUPN	ENSG00000169371_Rest	151	4515	108	43	25	0	True	-3.21068	89.2	-4.94157	0.00121284	True
Rest	STRAP	ENSG00000023734_Rest	1699	9322	679	1020	25	7	True	-2.71638	84.78	-13.623	9.4781e-39	True
Rest	DNAJC2	ENSG00000105821_Rest	778	8171	376	402	25	4	True	-2.06048	76.03	-2.82723	0.0635165	True
Rest	DUSP12	ENSG00000081721_Rest	1238	9757	548	690	25	25	True	-1.85662	72.39	-4.19293	0.00150829	True
Rest	ASXL1	ENSG00000171456_Rest	274	2459	183	91	25	4	True	-2.469	81.94	-30.3645	4.10805e-199	True
Rest	SRPK1	ENSG00000096063_Rest	43	4519	22	21	25	0	True	-4.28822	94.88	-16.9961	4.12055e-61	True
Rest	SMAD7	ENSG00000101665_Rest	334	5880	227	108	25	0	True	-0.7274	39.6	-2.37762		True
Rest	GRWD1	ENSG00000105447_Rest	596	4291	312	284	25	25	False					False
Rest	TBCA	ENSG00000171530_Rest	759	7938	430	329	25	4	False					False
Rest	GANAB	ENSG00000089597_Rest	622	8400	234	388	25	0	True	-3.24753	89.47	-10.4292	1.60028e-21	True
Rest	FAM98B	ENSG00000171262_Rest	892	7022	477	415	25	2	True	-3.34806	90.18	-13.2761	2.33802e-36	True
Rest	STAT3	ENSG00000168610_Rest	924	8876	504	420	25	0	True	-2.79738	85.62	-10.3491	3.91124e-21	True
Rest	CCDC22	ENSG00000101997_Rest	115	7937	35	80	25	15	True	-3.1664	88.86	-9.39615	4.69356e-17	True
Rest	PMVK	ENSG00000163344_Rest	209	8632	69	140	25	15	True	-2.82058	85.84	-12.6099	1.67809e-32	True
Rest	TOE1	ENSG00000132773_Rest	21	10282	8	13	1	0	True	-2.78113	85.45	-10.0029	1.83002e-19	True
Rest	HNRNPH1	ENSG00000169045_Rest	92	9104	35	57	25	0	False					False
Rest	TIPARP	ENSG00000163659_Rest	363	3145	203	161	25	0	True	-1.00387	50.13	-5.15645		True
Rest	FANCM	ENSG00000187790_Rest	76	4293	33	43	0	25	True	-1.89567	73.13	-6.21221		False
Rest	OTUB1	ENSG00000167770_Rest	304	10275	98	206	25	25	True	-1.84877	72.24	-14.4517	2.67224e-43	True
Rest	RPUSD1	ENSG00000007376_Rest	78	10282	21	57	14	25	True	-2.30069	79.7	-4.45748	0.00859915	True
Rest	UBR5	ENSG00000104517_Rest	1196	9968	578	618	25	25	True	-2.83009	85.94	-23.3569	1.22778e-116	True
Rest	DDX39B	ENSG00000198563_Rest	6	10282	1	5	0	0	True	-2.19803	78.21	-6.57468	6.0346e-07	True
Rest	CCAR1	ENSG00000060339_Rest	171	1543	91	81	25	25	True	-2.91219	86.72	-2.35507		True
Rest	UBE2N	ENSG00000177889_Rest	188	2459	97	92	25	25	True	-2.07122	76.2	-6.17415		True
Rest	DEK	ENSG00000124795_Rest	93	10282	11	82	6	25	True	-1.94167	73.97	-20.2086	9.18786e-87	True
Rest	KIF1C	ENSG00000129250_Rest	11	10282	1	10	0	14	True	-2.38216	80.82	-15.9334	4.59789e-53	True
Rest	CNOT10	ENSG00000182973_Rest	42	9327	10	32	22	1	True	-0.71515	39.09	-4.77582	0.00354541	True
Rest	ZNF317	ENSG00000130803_Rest	12	10282	11	1	0	0	True	-1.64768	68.08	-10.8796	5.94953e-24	True
Rest	ZBTB44	ENSG00000196323_Rest	137	3382	85	52	25	13	True	-2.91788	86.77	-6.29259	1.09245e-06	True
Rest	SUGT1	ENSG00000165416_Rest	57	2460	26	31	25	25	True	-1.33434	60.34	-3.84179	0.0315731	True
Rest	AAR2	ENSG00000131043_Rest	36	4068	6	31	11	25	True	-0.232361	14.88	-0.639841		True
Rest	RNASEH2A	ENSG00000104889_Rest	28	10278	1	27	0	7	True	-2.67451	84.34	-2.24744	0.524524	False
Rest	NCBP3	ENSG00000074356_Rest	564	7475	296	268	25	25	True	-2.35135	80.4	-20.2437	3.1559e-87	True
Rest	SMARCA5	ENSG00000153147_Rest	2785	10142	1454	1331	25	25	True	-2.43754	81.54	-15.5758	1.13706e-50	True
Rest	HUWE1	ENSG00000086758_Rest	687	4971	441	246	25	25	True	-1.008	50.28	-8.80907	6.53133e-15	True
Rest	EWSR1	ENSG00000182944_Rest	2451	9966	1265	1186	25	25	True	-2.95482	87.1	-25.8053	8.08237e-143	True
Rest	ALKBH2	ENSG00000189046_Rest	364	10282	111	253	25	25	True	-2.87642	86.38	-3.62697	0.0307126	True
Rest	NABP1	ENSG00000173559_Rest	69	10282	10	59	4	25	True	-3.21619	89.24	-13.6306	2.94194e-38	True
Rest	RTEL1	ENSG00000258366_Rest	254	10138	53	201	25	0	False					False
Rest	UBC	ENSG00000150991_Rest	1271	10273	656	615	25	25	True	-1.15704	55.16	-6.45705	8.97209e-08	True
Rest	EIF3L	ENSG00000100129_Rest	141	2921	82	59	25	0	True	-1.29157	59.15	-11.6263	4.57826e-28	True
Rest	IPO7	ENSG00000205339_Rest	195	2460	134	61	25	25	False					False
Rest	EIF5A	ENSG00000132507_Rest	501	4749	299	202	25	12	False					False
Rest	RAD51AP1	ENSG00000111247_Rest	16	10282	3	13	0	25	True	-1.84773	72.22	-7.27321	4.34308e-09	True
Rest	TSR2	ENSG00000158526_Rest	187	4065	113	74	25	25	True	-1.37034	61.32	-3.63124	0.024295	True
Rest	DNAJC21	ENSG00000168724_Rest	21	8168	9	12	25	4	True	-3.73687	92.5	-11.18	4.35979e-25	True
Rest	ERCC6L2	ENSG00000182150_Rest	8	10282	1	7	0	25	True	-3.76772	92.66	-13.888	9.25942e-40	True
Rest	TASOR	ENSG00000163946_Rest	285	10139	97	188	0	0	True	-2.97176	87.25	-24.3523	5.85736e-127	True
Rest	UBE2I	ENSG00000103275_Rest	437	10277	136	301	0	0	True	-2.511	82.46	-18.351	3.54394e-71	True
Rest	GPAT2	ENSG00000186281_Rest	6	10282	6	0	6	0	True	-2.52458	82.62	-2.12498	0.893489	False
Rest	RAB9B	ENSG00000123570_Rest	7	10282	6	1	0	0	True	-0.603503	34.18	-0.571958	0.999837	False
Rest	IWS1	ENSG00000163166_Rest	685	9541	354	331	25	0	True	-3.32908	90.05	-15.1051	1.49474e-47	True
Rest	PPHLN1	ENSG00000134283_Rest	474	10275	197	277	6	25	True	-2.6917	84.52	-23.3764	8.11755e-117	True
Rest	ZC3HC1	ENSG00000091732_Rest	58	609	23	36	25	25	True	-1.13949	54.61	-4.81937		True
Rest	CSDE1	ENSG00000009307_Rest	1813	8871	1025	788	25	11	True	-2.08792	76.48	-25.9376	2.32208e-144	True
Rest	CDKL5	ENSG00000008086_Rest	16	10282	3	13	2	18	True	-3.07194	88.11	-3.40694	0.177832	False
Rest	SUPT4H1	ENSG00000213246_Rest	455	7021	313	142	25	23	True	-0.360783	22.13	-1.84815	0.353719	False
Rest	TRIM14	ENSG00000106785_Rest	138	5654	121	17	25	25	True	-1.95977	74.29	-15.5333	1.21704e-50	True
Rest	ELAVL1	ENSG00000066044_Rest	2163	9756	1344	819	25	1	True	-3.30329	89.87	-33.221	5.46267e-238	True
Rest	CCDC137	ENSG00000185298_Rest	60	2690	40	21	25	12	True	-3.02918	87.75	-3.73111		True
Rest	CTNNB1	ENSG00000168036_Rest	6	10282	4	2	4	2	True	-1.08753	52.94	-5.13542	0.00348486	True
Rest	ARL8B	ENSG00000134108_Rest	16	10282	6	10	4	7	True	-3.77637	92.7	-20.8388	2.3826e-92	True
Rest	EXOG	ENSG00000157036_Rest	10	8868	9	2	3	0	True	-1.31202	59.72	-1.62416		True
Rest	MORC3	ENSG00000159256_Rest	24	10282	1	23	0	15	True	-2.22403	78.6	-18.0323	1.21465e-68	True
Rest	IMMT	ENSG00000132305_Rest	281	3381	167	114	25	0	True	-1.88102	72.85	-11.9856	1.47903e-29	True
Rest	HP1BP3	ENSG00000127483_Rest	388	8168	204	184	25	0	True	-0.349307	21.5	-3.50176	0.0452377	True
Rest	INPPL1	ENSG00000165458_Rest	50	5190	27	23	16	25	True	-0.741547	40.19	-4.98694	0.00331984	True
Rest	FAM98C	ENSG00000130244_Rest	78	4297	63	16	25	0	True	-3.73897	92.51	-3.88186		True
Rest	THRAP3	ENSG00000054118_Rest	1199	8633	684	515	25	18	True	-2.65226	84.09	-19.791	3.20769e-83	True
Rest	MRPL58	ENSG00000167862_Rest	21	10282	6	15	1	6	False					False
Rest	PUM1	ENSG00000134644_Rest	83	7022	31	52	25	0	True	-3.25727	89.54	-14.6668	7.7162e-45	True
Rest	U2SURP	ENSG00000163714_Rest	67	8633	23	44	6	12	True	-0.522722	30.39	-5.52986	0.000288887	True
Rest	GFI1	ENSG00000162676_Rest	15	7023	4	11	0	13	True	-0.725506	39.52	-2.48756	0.344556	False
Rest	TRIR	ENSG00000123144_Rest	28	6333	11	17	19	4	True	-1.9039	73.28	-16.527	1.55005e-57	True
Rest	BTN3A3	ENSG00000111801_Rest	27	10282	3	24	13	25	True	-3.55401	91.49	-10.8495	1.24033e-23	True
Rest	PGM1	ENSG00000079739_Rest	43	7475	19	24	25	0	True	-3.9559	93.56	-9.4071	3.98613e-17	True
Rest	SNRPB2	ENSG00000125870_Rest	11	10282	3	8	2	4	True	-3.71504	92.39	-18.447	6.41869e-72	True
Rest	DHX34	ENSG00000134815_Rest	19	10282	1	18	0	18	True	-3.10441	88.37	-7.30298	3.14545e-09	True
Rest	ZCCHC24	ENSG00000165424_Rest	35	10282	10	25	1	25	True	-2.06106	76.04	-2.82696	0.244572	False
Rest	POLRMT	ENSG00000099821_Rest	124	10282	21	103	0	25	True	-0.604947	34.25	-0.781462	0.992518	False
Rest	MRPL3	ENSG00000114686_Rest	12	846	9	3	5	0	False					False
Rest	MRPL43	ENSG00000055950_Rest	34	10139	8	26	6	25	False					False
Rest	HSD17B10	ENSG00000072506_Rest	124	9541	29	95	11	3	True	-1.77928	70.87	-13.6875	1.2028e-38	True
Rest	TUFM	ENSG00000178952_Rest	121	10276	14	107	24	7	True	-3.8992	93.3	-11.0993	1.38323e-24	True
Rest	EARS2	ENSG00000103356_Rest	49	10282	12	37	25	25	True	-3.27785	89.69	-5.0815	0.000514482	True
Rest	NSUN4	ENSG00000117481_Rest	36	8631	11	25	2	11	True	-2.97912	87.32	-8.15078	3.25863e-12	True
Rest	MRPS2	ENSG00000122140_Rest	221	9328	41	180	1	2	False					False
Rest	SSBP1	ENSG00000106028_Rest	131	9965	31	100	25	0	True	-3.06369	88.04	-3.3821	0.073471	True
Rest	MRPS24	ENSG00000062582_Rest	49	1774	33	16	25	25	False					False
Rest	MRPL2	ENSG00000112651_Rest	63	10136	7	56	2	5	False					False
Rest	PARS2	ENSG00000162396_Rest	97	6793	33	65	0	0	True	-3.24376	89.44	-3.43416		True
Rest	MRPL18	ENSG00000112110_Rest	49	9326	9	40	25	0	False					False
Rest	IBA57	ENSG00000181873_Rest	12	10282	3	9	0	25	True	-2.51645	82.52	-5.38351	0.000301083	True
Rest	SUPV3L1	ENSG00000156502_Rest	8	10282	1	7	0	3	True	-1.99669	74.94	-7.26622	4.57268e-09	True
Rest	MRPL37	ENSG00000116221_Rest	100	6110	29	71	22	7	False					False
Rest	MRPS11	ENSG00000181991_Rest	37	10282	7	30	12	14	False					False
Rest	MRPS25	ENSG00000131368_Rest	50	3379	26	24	25	0	False					False
Rest	ALDH18A1	ENSG00000059573_Rest	118	10282	24	94	0	25	True	-1.26742	58.46	-7.77828	1.29915e-11	True
Rest	SSB	ENSG00000138385_Rest	652	10282	192	460	25	25	False					False
Rest	AIFM1	ENSG00000156709_Rest	37	10282	6	31	25	25	True	-2.07344	76.24	-9.31602	1.43645e-16	True
Rest	HBS1L	ENSG00000112339_Rest	164	10282	9	155	25	25	True	-2.78624	85.5	-6.49571	1.31824e-07	True
Rest	ELP1	ENSG00000070061_Rest	345	8399	118	227	20	9	True	-4.10264	94.18	-4.90999	0.000257731	True
Rest	ELP5	ENSG00000170291_Rest	396	9959	132	264	25	25	True	-2.66885	84.27	-10.1173	4.83817e-20	True
Rest	MARS1	ENSG00000166986_Rest	25	10282	0	25	0	25	True	-0.427439	25.64	-0.875614	0.999846	False
Rest	LETM1	ENSG00000168924_Rest	37	10282	2	35	0	15	True	-2.82724	85.91	-2.23145	0.582043	False
Rest	MOCS3	ENSG00000124217_Rest	101	10141	17	84	12	0	True	-2.9992	87.49	-3.60355	0.0550402	True
Rest	MTG1	ENSG00000148824_Rest	9	10282	2	7	0	25	True	-3.17317	88.91	-16.1755	9.28417e-55	True
Rest	RBFA	ENSG00000101546_Rest	13	10282	2	11	0	25	True	-3.71043	92.36	-6.8183	1.14028e-07	True
Rest	UQCRC2	ENSG00000140740_Rest	19	8410	2	17	0	17	True	-1.51025	64.89	-8.02142	9.18103e-12	True
Rest	MRPL14	ENSG00000180992_Rest	11	10282	1	10	0	11	False					False
Rest	MRPL45	ENSG00000278845_Rest	78	10282	13	65	25	24	False					False
Rest	MRPS16	ENSG00000182180_Rest	71	10277	20	51	25	23	False					False
Rest	MRPS9	ENSG00000135972_Rest	46	8870	2	44	0	12	False					False
Rest	MRPS26	ENSG00000125901_Rest	84	10140	25	59	25	25	False					False
Rest	LARS2	ENSG00000011376_Rest	121	8402	34	87	0	0	True	-2.14601	77.41	-7.01022	2.08773e-08	True
Rest	TARS2	ENSG00000143374_Rest	662	10142	143	519	12	5	True	-2.69085	84.51	-6.92032	1.60665e-08	True
Rest	MRPS27	ENSG00000113048_Rest	48	8176	12	36	0	0	False					False
Rest	MRPL21	ENSG00000197345_Rest	63	10282	12	51	25	0	False					False
Rest	MTERF3	ENSG00000156469_Rest	28	7022	8	20	0	19	True	-3.57542	91.61	-7.28847	1.14978e-09	True
Rest	GATB	ENSG00000059691_Rest	12	4750	3	10	12	25	True	-2.43418	81.5	-6.41758		True
Rest	MRPS35	ENSG00000061794_Rest	84	7937	30	54	0	4	False					False
Rest	VARS2	ENSG00000137411_Rest	53	9545	15	38	25	0	True	-3.31642	89.96	-5.51008	0.000178907	True
Rest	MRPL49	ENSG00000149792_Rest	30	10282	3	27	0	25	False					False
Rest	MRPL34	ENSG00000130312_Rest	20	5426	6	14	14	20	False					False
Rest	MRPS7	ENSG00000125445_Rest	31	10282	4	27	1	25	False					False
Rest	REXO1	ENSG00000079313_Rest	30	10282	16	14	0	25	True	-1.44893	63.37	-13.4515	3.72984e-37	True
Rest	WRN	ENSG00000165392_Rest	57	4289	13	45	0	25	True	-2.76016	85.24	-16.165		True
Rest	TMEM33	ENSG00000109133_Rest	24	4969	2	22	0	25	True	-3.34554	90.16	-17.7666	6.63546e-67	True
Rest	TRIM28	ENSG00000130726_Rest	20	10282	2	18	0	4	True	-2.27799	79.38	-5.35346	0.000149559	True
Rest	SLTM	ENSG00000137776_Rest	31	10282	7	24	1	25	True	-1.28235	58.89	-14.8923	4.57781e-46	True
Rest	SUN1	ENSG00000164828_Rest	46	10274	9	37	25	0	True	-4.38771	95.22	-3.3696	0.134952	False
Rest	UBAP2L	ENSG00000143569_Rest	628	7021	370	258	25	5	True	-2.49136	82.22	-28.0621	2.08511e-169	True
Rest	APEX2	ENSG00000169188_Rest	11	10282	1	10	0	21	True	-2.37909	80.78	-13.5148	1.5815e-37	True
Rest	DDX17	ENSG00000100201_Rest	890	9746	523	367	0	9	True	-2.18262	77.97	-27.3719	6.05104e-161	True
Rest	PAN3	ENSG00000152520_Rest	89	5194	26	63	0	1	True	-3.64902	92.03	-16.7252	4.65205e-59	True
Rest	ZBTB47	ENSG00000114853_Rest	15	10282	7	8	24	25	True	-1.09496	53.19	-0.848017	0.999396	False
Rest	NCOA5	ENSG00000124160_Rest	7	10282	2	5	0	10	True	-2.19232	78.12	-7.42067	1.44127e-09	True
Rest	HNRNPA3	ENSG00000170144_Rest	7	10282	6	1	0	0	True	-0.319708	19.88	-3.73066	0.295396	False
Rest	SREK1IP1	ENSG00000153006_Rest	14	6791	9	5	9	10	True	-1.12334	54.1	-10.3165	2.10593e-21	True
Rest	SRI	ENSG00000075142_Rest	6	10282	3	3	0	0	True	-2.81222	85.76	-17.6163	2.28576e-65	True
Rest	TRIM25	ENSG00000121060_Rest	26	7473	16	10	12	0	True	-3.6063	91.79	-19.5725	2.07161e-81	True
Rest	PARK7	ENSG00000116288_Rest	6	10282	4	2	3	6	True	-2.26735	79.23	-29.8042	4.26514e-191	True
Rest	RPL29	ENSG00000162244_Rest	52	9545	7	45	14	19	False					False
Rest	HMGN5	ENSG00000198157_Rest	51	9961	17	34	10	25	True	-2.29491	79.62	-4.01589	0.0238022	True
Rest	RBM26	ENSG00000139746_Rest	10	10282	4	6	0	25	True	-0.938224	47.81	-6.39462	6.63352e-07	True
Rest	NELFCD	ENSG00000101158_Rest	594	9757	251	343	0	0	True	-2.01907	75.33	-8.58348	1.88025e-14	True
Rest	NELFE	ENSG00000204356_Rest	21	6566	12	9	20	6	True	-1.28926	59.08	-6.48695	6.00353e-07	True
Rest	CDKN2A	ENSG00000147889_Rest	13	10282	11	2	25	0	True	-2.83636	86.0	-12.5583	4.4267e-32	True
Rest	PRDM5	ENSG00000138738_Rest	11	7024	9	3	20	0	True	-1.13422	54.44	-0.833692		True
Rest	RO60	ENSG00000116747_Rest	438	8865	281	157	0	0	True	-2.97454	87.28	-26.6954	4.92675e-153	True
Rest	EIF3H	ENSG00000147677_Rest	877	8166	423	454	7	12	True	-1.57331	66.4	-11.2426	7.16461e-26	True
Rest	FTO	ENSG00000140718_Rest	6	10282	1	5	0	3	True	-3.03888	87.83	-6.6222	4.37796e-07	True
Rest	ZBTB32	ENSG00000011590_Rest	12	9321	5	7	9	16	True	-3.95806	93.57	-6.85311	7.0296e-08	True
Rest	ATXN2L	ENSG00000168488_Rest	117	6107	39	78	25	25	True	-1.5153	65.02	-15.1286	6.68715e-48	True
Rest	RIMKLA	ENSG00000177181_Rest	6	10282	3	3	0	14	True	-0.928791	47.47	-0.786433	0.999996	False
Rest	SCAF4	ENSG00000156304_Rest	166	10282	70	96	0	25	True	-2.63767	83.93	-14.0681	6.94951e-41	True
Rest	TMEM214	ENSG00000119777_Rest	109	10276	47	62	25	25	True	-3.4249	90.69	-12.0721	8.10607e-30	True
Rest	EP300	ENSG00000100393_Rest	73	5890	35	38	14	3	True	-0.870185	45.29	-17.1112	7.52115e-62	True
Rest	INTS12	ENSG00000138785_Rest	483	10144	143	340	0	12	True	-1.89457	73.1	-9.8178	3.36692e-19	True
Rest	PPP1CB	ENSG00000213639_Rest	6	10282	0	6	0	9	True	-0.977683	49.22	-13.982	2.48314e-40	True
Rest	TMED3	ENSG00000166557_Rest	6	10282	1	5	0	22	True	-2.63625	83.92	-14.7966	1.90755e-45	True
Rest	RBM34	ENSG00000188739_Rest	7	10282	0	7	0	20	True	-2.36145	80.54	-4.88161	0.00433764	True
Rest	TRMT10A	ENSG00000145331_Rest	10	10282	5	5	6	7	True	-3.49322	91.12	-13.3029	2.75563e-36	True
Rest	ZCRB1	ENSG00000139168_Rest	72	2918	22	50	7	22	True	-1.08795	52.96	-4.83357	0.000809191	True
Rest	C11orf68	ENSG00000175573_Rest	68	8869	58	10	2	2	True	-3.22824	89.33	-10.9313	3.77944e-24	True
Rest	NARS1	ENSG00000134440_Rest	7	10282	0	7	0	4	True	-0.268146	16.96	-1.74385	0.999961	False
Rest	PQBP1	ENSG00000102103_Rest	55	10282	13	42	0	1	True	-3.32903	90.05	-10.7406	8.11679e-23	True
Rest	H1-5	ENSG00000184357_Rest	7	10282	3	4	0	9	True	-3.40194	90.54	-14.6888	9.41567e-45	True
Rest	ZNF829	ENSG00000185869_Rest	56	10282	5	51	0	0	True	-3.33774	90.11	-5.25157	0.000261326	True
Rest	DDX31	ENSG00000125485_Rest	6	10282	2	4	0	0	True	-2.30923	79.82	-5.7665	3.337e-05	True
Rest	IRF9	ENSG00000213928_Rest	66	10282	62	4	25	0	True	-3.08571	88.22	-29.315	8.27603e-185	True
Rest	CLASP2	ENSG00000163539_Rest	9	10282	6	3	1	0	True	-2.83695	86.0	-8.53312	1.7632e-13	True
Rest	ZC3H4	ENSG00000130749_Rest	135	9957	16	119	11	0	True	-0.708499	38.8	-10.6713	1.44918e-22	True
Rest	EIF4E	ENSG00000151247_Rest	25	8171	22	3	13	1	True	-0.219263	14.1	-1.56934	0.934157	False
Rest	WT1	ENSG00000184937_Rest	8	10282	8	0	2	0	False					False
Rest	VBP1	ENSG00000155959_Rest	10	10282	1	9	0	25	True	-3.4337	90.75	-16.2354	3.50419e-55	True
Rest	DNAAF2	ENSG00000165506_Rest	66	10282	20	46	0	0	True	-3.12398	88.53	-2.97052	0.229718	False
Rest	ERMP1	ENSG00000099219_Rest	7	10282	6	1	0	0	True	-3.22881	89.33	-9.66997	5.00195e-18	True
Rest	METTL14	ENSG00000145388_Rest	55	10282	2	53	7	0	True	-2.28443	79.47	-3.171	0.187612	False
Rest	PRPF39	ENSG00000185246_Rest	52	9753	13	39	8	0	True	-0.925454	47.35	-8.7365	1.22744e-14	True
Rest	LSM10	ENSG00000181817_Rest	113	10282	10	103	25	25	True	-0.79866	42.51	-2.99682	0.179961	False
Rest	MYEF2	ENSG00000104177_Rest	15	10282	0	15	0	0	True	-1.63474	67.8	-1.80781	0.999831	False
Rest	ZNF574	ENSG00000105732_Rest	9	10282	4	5	0	0	True	-1.63281	67.75	-2.27842	0.730578	False
Rest	SKIC8	ENSG00000140395_Rest	904	7712	464	440	0	25	True	-3.39846	90.52	-5.33302	2.88318e-05	True
Rest	TOR4A	ENSG00000198113_Rest	14	10282	5	9	0	4	True	-3.18418	89.0	-2.87073	0.652409	False
Rest	MECP2	ENSG00000169057_Rest	6	10282	0	6	0	25	True	-0.145122	9.57	-1.38798	0.999979	False
Rest	YBX1	ENSG00000065978_Rest	56	5431	19	37	15	7	True	-1.80364	71.36	-8.82074	6.4359e-15	True
Rest	FHIT	ENSG00000189283_Rest	14	10282	9	5	4	5	True	-1.09318	53.13	-1.63908	0.999995	False
Rest	FRA10AC1	ENSG00000148690_Rest	32	10282	6	26	6	13	True	-3.09213	88.27	-8.00325	7.4982e-12	True
Rest	RBM12	ENSG00000244462_Rest	112	10282	37	75	6	0	True	-1.2958	59.27	-7.28445	9.60179e-10	True
Rest	THOC6	ENSG00000131652_Rest	106	7707	65	41	0	0	True	-3.20258	89.14	-14.8932	2.93827e-46	True
Rest	TNRC6A	ENSG00000090905_Rest	56	9763	22	34	0	0	True	-3.97714	93.65	-7.88634	3.18066e-11	True
Rest	XRN1	ENSG00000114127_Rest	75	10282	8	67	18	0	True	-1.05234	51.78	-9.1533	3.35091e-16	True
Rest	DZIP1	ENSG00000134874_Rest	7	10282	2	5	3	12	True	0.55401	-46.82	0.342093	0.999992	False
Rest	LSM14A	ENSG00000257103_Rest	34	8870	14	20	0	18	True	-2.87459	86.36	-15.2209	2.37675e-48	True
Rest	DHX33	ENSG00000005100_Rest	43	3612	6	37	2	25	False					False
Rest	MRPL36	ENSG00000171421_Rest	13	10282	4	9	16	14	False					False
Rest	NHERF1	ENSG00000109062_Rest	7	10282	3	4	5	0	True	-2.41143	81.2	-26.1453	1.37879e-146	True
Rest	ZC3H15	ENSG00000065548_Rest	23	10282	2	21	0	25	True	-2.55133	82.94	-18.0135	1.89081e-68	True
Rest	MKRN2	ENSG00000075975_Rest	7	10282	4	3	17	0	True	-2.82013	85.84	-10.386	3.55336e-21	True
Rest	POLDIP3	ENSG00000100227_Rest	59	2459	31	28	25	6	True	-0.874876	45.47	-5.08181	0.000237205	True
Rest	HSPE1	ENSG00000115541_Rest	84	9761	8	76	0	25	True	-0.811842	43.03	-2.15531	0.481813	False
Rest	PDIA3	ENSG00000167004_Rest	74	10282	6	68	5	25	True	-3.4839	91.06	-23.2448	1.91092e-115	True
Rest	RPRD2	ENSG00000163125_Rest	1507	10140	604	903	5	0	True	-3.79682	92.8	-20.7348	1.79882e-91	True
Rest	HSPA8	ENSG00000109971_Rest	31	8866	4	27	2	25	True	-0.984538	49.46	-11.3393	3.87437e-26	True
Rest	PAPOLA	ENSG00000090060_Rest	13	10282	2	11	0	0	True	-2.1269	77.11	-15.0059	8.30738e-47	True
Rest	RAVER1	ENSG00000161847_Rest	23	10282	14	9	24	1	True	-3.12723	88.56	-27.4695	5.02797e-162	True
Rest	SMAD4	ENSG00000141646_Rest	113	9329	50	63	25	25	True	-2.93357	86.91	-15.2651	6.35662e-49	True
Rest	SND1	ENSG00000197157_Rest	25	10282	14	11	25	25	True	-3.86033	93.11	-14.4087	5.64689e-43	True
Rest	ZNF559	ENSG00000188321_Rest	6	10282	3	3	2	5	True	-2.63749	83.93	-3.19791	0.349305	False
Rest	HLA-A	ENSG00000206503_Rest	27	10282	2	25	4	25	False					False
Rest	MARF1	ENSG00000166783_Rest	11	10282	5	6	0	1	True	-0.551751	31.78	-5.43924	0.000110269	True
Rest	RC3H1	ENSG00000135870_Rest	113	10276	22	91	2	0	True	-3.10039	88.34	-16.6923	8.15473e-59	True
Rest	ARID4B	ENSG00000054267_Rest	7	10282	3	4	1	2	True	-1.8189	71.66	-13.0957	4.30853e-35	True
Rest	TENT4A	ENSG00000112941_Rest	8	10282	5	3	0	0	True	-1.02054	50.71	-8.1413	1.61387e-12	True
Rest	BCLAF1	ENSG00000029363_Rest	42	8400	17	25	7	0	True	-2.49221	82.23	-11.1587	5.69481e-25	True
Rest	OGT	ENSG00000147162_Rest	13	10282	3	10	0	16	True	-0.761274	41.0	-6.16885	8.51301e-06	True
Rest	ZNF638	ENSG00000075292_Rest	6	10282	1	5	0	0	True	-2.96831	87.22	-9.59635	1.02417e-17	True
Rest	PDAP1	ENSG00000106244_Rest	262	7249	134	128	25	0	False					False
Rest	FXR1	ENSG00000114416_Rest	13	8878	3	10	1	1	True	-2.38068	80.8	-11.8085	3.26729e-28	True
Rest	RANBP1	ENSG00000099901_Rest	51	6109	31	20	10	25	False					False
Rest	TNPO1	ENSG00000083312_Rest	710	8167	310	400	0	15	True	-0.926685	47.39	-4.44466	0.000824427	True
Rest	G3BP1	ENSG00000145907_Rest	66	2457	33	33	23	25	False					False
Rest	SUMO2	ENSG00000188612_Rest	13	10282	7	6	18	0	True	-0.586086	33.39	-7.7011	2.78009e-11	True
Rest	FRG1	ENSG00000109536_Rest	6	10282	4	2	1	0	True	-1.43237	62.95	-9.08493	1.28342e-15	True
Rest	ZFP36L2	ENSG00000152518_Rest	18	3611	7	11	25	25	True	-1.40743	62.3	-7.69196	5.41209e-11	True
Rest	CCAR2	ENSG00000158941_Rest	11	10282	7	4	1	0	True	-1.81907	71.66	-22.4889	6.59024e-108	True
Rest	XPO6	ENSG00000169180_Rest	36	6108	21	15	25	16	True	-2.23445	78.75	-11.7305	5.66919e-28	True
Rest	RAB7A	ENSG00000075785_Rest	8	10282	1	7	0	25	True	-1.96358	74.36	-21.8079	2.41451e-101	True
Rest	PA2G4	ENSG00000170515_Rest	50	846	29	22	25	25	True	-2.6965	84.57	-12.4709		True
Rest	RREB1	ENSG00000124782_Rest	47	10282	13	34	0	22	True	-1.21621	56.96	-8.36702	2.43677e-13	True
Rest	FUBP1	ENSG00000162613_Rest	552	8167	272	280	25	3	True	-3.06849	88.08	-19.4752	1.5207e-80	True
Rest	ZBTB34	ENSG00000177125_Rest	17	10282	5	12	3	25	True	-2.45219	81.73	-4.03863	0.0433259	True
Rest	CARM1	ENSG00000142453_Rest	107	9544	41	66	25	0	True	-3.63163	91.93	-18.2468	2.18994e-70	True
Rest	RBM27	ENSG00000091009_Rest	436	8864	147	289	25	0	True	-3.03933	87.84	-11.6448	2.2563e-27	True
Rest	MTHFD1	ENSG00000100714_Rest	43	5647	12	31	24	2	True	-2.93175	86.89	-10.4604	7.73403e-22	True
Rest	NUP42	ENSG00000136243_Rest	17	7706	9	8	4	5	True	-1.56122	66.11	-9.86054	4.9696e-19	True
Rest	PARP3	ENSG00000041880_Rest	11	10282	1	10	0	25	True	-2.32402	80.03	-2.48789	0.73252	False
Rest	USP10	ENSG00000103194_Rest	111	2460	66	45	25	17	True	-3.59015	91.7	-12.747	8.22148e-34	True
Rest	RPS2	ENSG00000140988_Rest	36	9964	6	30	16	25	False					False
Rest	DDX42	ENSG00000198231_Rest	9	10282	1	8	0	25	True	-2.85733	86.2	-3.43113	0.155029	False
Rest	SNRNP40	ENSG00000060688_Rest	6	10282	0	6	0	5	True	-0.894948	46.22	-3.31671	0.417471	False
Rest	TNPO3	ENSG00000064419_Rest	128	10272	6	122	6	25	True	-1.63393	67.78	-2.75696	0.262348	False
Rest	DCP2	ENSG00000172795_Rest	859	8399	221	638	25	25	True	-4.10204	94.18	-9.44285	6.36369e-18	True
Rest	CNOT9	ENSG00000144580_Rest	40	7476	5	35	4	1	True	-1.12925	54.28	-6.03272	1.26026e-05	True
Rest	PPIH	ENSG00000171960_Rest	160	8626	63	97	0	2	True	-2.88803	86.49	-4.57844	0.00150679	True
Rest	ERN1	ENSG00000178607_Rest	123	9962	113	10	25	6	True	-1.13423	54.44	-7.1149	5.85265e-10	True
Rest	ASH1L	ENSG00000116539_Rest	9	10282	6	3	1	0	True	-1.46503	63.78	-12.1514	6.98194e-30	True
Rest	PARP8	ENSG00000151883_Rest	14	10282	0	14	0	25	True	-1.80386	71.36	-14.6824	1.03372e-44	True
Rest	AP2B1	ENSG00000006125_Rest	8	10282	7	1	25	0	True	-3.55527	91.49	-13.1623	8.95013e-36	True
Rest	CNP	ENSG00000173786_Rest	11	10282	7	4	7	0	True	-3.16896	88.88	-15.0521	4.14167e-47	True
Rest	SIRT6	ENSG00000077463_Rest	6	10282	0	6	0	1	True	-4.70547	96.17	-10.779	5.35105e-23	True
Rest	ZBTB40	ENSG00000184677_Rest	15	9962	5	10	0	25	True	-3.10378	88.37	-8.49866	1.00243e-13	True
Rest	CANX	ENSG00000127022_Rest	15	9758	3	12	0	0	True	-3.14552	88.7	-15.9343	3.74329e-53	True
Rest	RAB33A	ENSG00000134594_Rest	38	10282	2	36	0	25	True	-3.64508	92.01	-8.93051	1.04886e-15	True
Rest	CHD2	ENSG00000173575_Rest	14	1775	5	9	0	24	True	-2.13242	77.19	-14.2762	5.60092e-43	True
Rest	TAF9	ENSG00000273841_Rest	9	10282	1	8	0	13	True	-0.755468	40.76	-3.17569	0.365718	False
Rest	JRK	ENSG00000234616_Rest	15	8402	4	11	25	1	True	-3.46742	90.96	-5.90665	3.06371e-05	True
Rest	PPP1R10	ENSG00000204569_Rest	31	10282	2	29	0	18	True	-0.416277	25.06	-2.58731	0.439552	False
Rest	E4F1	ENSG00000167967_Rest	108	10282	13	95	25	0	False					False
Rest	POP4	ENSG00000105171_Rest	22	1075	10	12	25	15	False					False
Rest	XRN2	ENSG00000088930_Rest	178	10282	12	166	25	0	True	-2.50179	82.34	-3.4639	0.0461563	True
Rest	NOP9	ENSG00000196943_Rest	7	10282	0	7	0	17	True	-2.49887	82.31	-2.4469	0.719204	False
Rest	RIDA	ENSG00000132541_Rest	11	10281	3	8	0	25	True	-3.64818	92.02	-4.08854	0.0597019	True
Rest	ZBTB45	ENSG00000119574_Rest	8	10282	3	5	0	20	True	-3.38606	90.43	-9.86095	7.60038e-19	True
Rest	KBTBD3	ENSG00000182359_Rest	6	10282	1	5	0	25	True	-1.83353	71.94	-2.2308	0.854393	False
Rest	NKIRAS1	ENSG00000197885_Rest	7	10282	0	7	0	0	True	-1.54483	65.73	-0.813809	0.999415	False
Rest	MRPS6	ENSG00000243927_Rest	33	10282	3	30	4	25	False					False
Rest	NUFIP1	ENSG00000083635_Rest	31	1544	11	20	21	20	False					False
Rest	WDR18	ENSG00000065268_Rest	28	9754	3	25	9	25	True	-1.12184	54.05	-2.46676	0.485124	False
Rest	MRPS18B	ENSG00000204568_Rest	628	10282	134	494	25	0	False					False
Rest	RABL3	ENSG00000144840_Rest	36	10282	4	32	0	7	True	-3.54901	91.46	-2.88205	0.355917	False
Rest	RPS25	ENSG00000118181_Rest	87	10275	10	77	6	1	False					False
Rest	RPL26L1	ENSG00000037241_Rest	37	9959	4	33	1	25	False					False
Rest	PRPF38B	ENSG00000134186_Rest	97	4065	25	72	2	0	True	-1.03894	51.33	-3.06499	0.09801	True
Rest	CAD	ENSG00000084774_Rest	148	10274	38	110	25	0	True	-3.37789	90.38	-3.32197	0.0864589	True
Rest	DLD	ENSG00000091140_Rest	40	9329	7	33	25	17	True	-1.82888	71.85	-6.3211	2.52847e-06	True
Rest	DDX52	ENSG00000278053_Rest	172	10282	30	142	25	0	False					False
Rest	MRTO4	ENSG00000053372_Rest	282	9966	29	253	25	25	False					False
Rest	NAF1	ENSG00000145414_Rest	150	10282	25	125	7	9	True	-1.90951	73.38	-2.1323	0.404552	False
Rest	SARS2	ENSG00000104835_Rest	76	2686	30	47	3	25	True	-1.44676	63.32	-3.80868		True
Rest	SHQ1	ENSG00000144736_Rest	46	4515	14	33	0	12	True	-0.445126	26.55	-1.23621		True
Rest	ARC	ENSG00000198576_Rest	7	10282	0	7	0	2	False					False
Rest	TTC14	ENSG00000163728_Rest	35	845	27	9	25	0	True	-1.34702	60.69	-10.2172		True
Rest	PTBP1	ENSG00000011304_Rest	88	9754	22	66	12	0	True	-2.83675	86.0	-7.25679	1.34916e-09	True
Rest	DCPS	ENSG00000110063_Rest	211	10282	38	173	18	0	True	-3.43703	90.77	-2.74934	0.18598	False
Rest	DHX35	ENSG00000101452_Rest	26	9321	4	22	3	2	True	-2.27498	79.34	-2.47862	0.450189	False
Rest	SMNDC1	ENSG00000119953_Rest	11	10282	0	11	0	25	True	-0.749439	40.52	-3.88023	0.107585	False
Rest	DDX5	ENSG00000108654_Rest	14	10139	3	11	0	24	True	-2.34403	80.3	-17.1964	3.02111e-62	True
Rest	PRKRA	ENSG00000180228_Rest	56	10282	11	45	20	16	True	-2.39657	81.01	-14.4682	2.38152e-43	True
Rest	MKRN3	ENSG00000179455_Rest	28	10282	11	17	2	25	True	-0.964709	48.76	-0.636398	0.999968	False
Rest	TENT2	ENSG00000164329_Rest	155	10282	18	137	0	0	True	-2.3706	80.66	-20.1966	1.22293e-86	True
Rest	ATXN10	ENSG00000130638_Rest	1376	9758	358	1018	25	0	True	-3.16635	88.86	-6.53082	3.03722e-08	True
Rest	IMPDH2	ENSG00000178035_Rest	32	10282	9	23	25	0	True	-3.9035	93.32	-5.40273	0.000273156	True
Rest	MRPS12	ENSG00000128626_Rest	48	9101	9	39	25	25	False					False
Rest	MRPS21	ENSG00000266472_Rest	52	10278	13	39	25	25	False					False
Rest	MRPL15	ENSG00000137547_Rest	18	10282	1	17	0	2	False					False
Rest	TEFM	ENSG00000172171_Rest	29	10282	17	12	25	3	True	-2.04673	75.8	-6.14057	3.38979e-06	True
Rest	IGHMBP2	ENSG00000132740_Rest	29	9960	14	15	10	25	False					False
Rest	C2orf15	ENSG00000273045_Rest	8	10282	3	5	0	3	True	-1.17322	55.66	-0.879967	0.999867	False
Rest	DMGDH	ENSG00000132837_Rest	13	10282	2	11	0	25	False					False
Rest	HEXIM1	ENSG00000186834_Rest	64	9956	23	41	4	0	True	-2.51206	82.47	-15.1108	1.43522e-47	True
Rest	CARS2	ENSG00000134905_Rest	7	10282	1	6	0	17	True	-3.03993	87.84	-10.7425	7.95117e-23	True
Rest	MRPL53	ENSG00000204822_Rest	8	10282	2	6	1	0	False					False
Rest	CTU2	ENSG00000174177_Rest	326	10282	96	230	25	25	True	-2.33873	80.23	-7.54047	7.47431e-11	True
Rest	EIF1	ENSG00000173812_Rest	342	10282	107	235	3	25	True	-2.47285	81.99	-27.3568	1.0026e-160	True
Rest	RRAGA	ENSG00000155876_Rest	129	7471	56	73	0	9	True	-3.80894	92.86	-8.29335	8.60092e-13	True
Rest	SEC61B	ENSG00000106803_Rest	642	9958	169	473	25	25	True	-4.65099	96.02	-4.68279	0.00027633	True
Rest	USO1	ENSG00000138768_Rest	570	10278	71	499	9	25	True	-2.91157	86.71	-6.67069	6.33033e-09	True
Rest	ATP5PO	ENSG00000241837_Rest	422	9762	155	267	11	16	True	-2.88314	86.45	-5.76691	9.16724e-06	True
Rest	PITRM1	ENSG00000107959_Rest	14	10282	3	11	10	25	True	-3.9065	93.33	-8.50245	2.07346e-13	True
Rest	MRPL17	ENSG00000158042_Rest	9	10282	4	5	14	4	False					False
Rest	MTO1	ENSG00000135297_Rest	6	10282	4	2	0	0	True	-2.31619	79.92	-10.8422	2.68684e-23	True
Rest	IRF4	ENSG00000137265_Rest	325	10282	77	248	25	25	True	-0.488994	28.75	-2.45229	0.235005	False
Rest	NAP1L4	ENSG00000205531_Rest	6	10282	0	6	0	3	True	-1.68014	68.79	-23.8227	2.40472e-121	True
Rest	FEN1	ENSG00000168496_Rest	14	10282	4	10	0	15	True	-1.49337	64.48	-7.94259	2.45074e-11	True
Rest	ZC3H10	ENSG00000135482_Rest	380	9749	99	281	0	0	True	-3.35994	90.26	-9.98703	1.77286e-19	True
Rest	SMG8	ENSG00000167447_Rest	575	9112	156	419	3	0	True	-3.01581	87.64	-10.5547	3.82599e-23	True
Rest	SMG9	ENSG00000105771_Rest	419	9101	100	319	0	0	True	-4.0374	93.91	-7.90107	1.3125e-12	True
Rest	SMG7	ENSG00000116698_Rest	1667	9758	411	1256	25	0	True	-2.21547	78.47	-4.59786	0.000159715	True
Rest	UPF2	ENSG00000151461_Rest	720	9098	199	521	25	0	True	-1.43046	62.9	-6.92018	3.44697e-09	True
Rest	SMG5	ENSG00000198952_Rest	231	10138	10	221	9	0	False					False
Rest	CASC3	ENSG00000108349_Rest	1238	9545	376	862	25	0	True	-2.82699	85.91	-15.9732	3.26831e-54	True
Rest	SMG1	ENSG00000157106_Rest	2033	10137	396	1637	25	0	True	-1.31962	59.94	-7.14051	1.00381e-10	True
Rest	CMTR2	ENSG00000180917_Rest	79	9102	11	68	25	0	True	-3.4624	90.93	-2.53179	0.344213	False
Rest	MBD2	ENSG00000134046_Rest	572	10276	119	453	25	25	True	-2.74186	85.05	-9.55474	2.77186e-18	True
Rest	MFN2	ENSG00000116688_Rest	214	10282	59	155	25	25	True	-0.539471	31.2	-2.39342	0.346584	False
Rest	PTPN1	ENSG00000196396_Rest	383	10275	29	354	25	25	True	-0.400765	24.25	-3.12168	0.0625767	True
Rest	EIF4H	ENSG00000106682_Rest	93	10136	19	74	25	25	True	-2.7797	85.44	-21.619	1.27309e-99	True
Rest	EIF4G1	ENSG00000114867_Rest	751	6107	334	417	25	25	True	-3.13516	88.62	-6.73769	2.56517e-08	True
Rest	GSTCD	ENSG00000138780_Rest	51	10282	13	38	5	3	True	-2.06157	76.04	-9.34792	3.39787e-17	True
Rest	APEX1	ENSG00000100823_Rest	77	5883	28	49	25	0	True	-2.6804	84.4	-18.6335	1.05494e-73	True
Rest	FARSA	ENSG00000179115_Rest	79	10282	4	75	0	25	False					False
Rest	ELAC2	ENSG00000006744_Rest	83	10282	25	58	25	25	True	-1.507	64.82	-4.21143	0.016421	True
Rest	HYOU1	ENSG00000149428_Rest	71	10282	11	60	21	0	True	-0.583585	33.27	-1.94563	0.737606	False
Rest	CTPS1	ENSG00000171793_Rest	78	6105	53	25	0	25	True	-0.615061	34.71	-3.28948	0.0820384	True
Rest	MKI67	ENSG00000148773_Rest	6	10282	5	1	1	0	True	-1.29099	59.13	-6.72899	7.0411e-08	True
Rest	KHDRBS1	ENSG00000121774_Rest	169	9955	44	125	0	3	True	-1.33582	60.38	-9.31311	1.29668e-16	True
Rest	SECISBP2L	ENSG00000138593_Rest	8	10282	3	5	0	0	True	-2.8129	85.77	-16.6653	2.89767e-58	True
Rest	DDX6	ENSG00000110367_Rest	668	10135	211	457	5	25	True	-1.53805	65.56	-17.6163	1.97515e-65	True
Rest	DENR	ENSG00000139726_Rest	1896	9971	679	1217	25	25	True	-2.59209	83.42	-21.8587	3.3653e-102	True
Rest	NRAS	ENSG00000213281_Rest	225	10282	38	187	17	15	True	-2.72164	84.84	-32.716	1.07769e-230	True
Rest	ANKRD17	ENSG00000132466_Rest	7	10282	1	6	0	8	True	-0.809528	42.94	-7.39112	1.80146e-09	True
Rest	PRKDC	ENSG00000253729_Rest	24	4971	4	20	1	25	True	-4.04765	93.95	-9.39306	3.01548e-17	True
Rest	CNOT11	ENSG00000158435_Rest	351	10142	71	280	25	0	True	-3.52362	91.3	-11.1434	8.24514e-25	True
Rest	EIF4A2	ENSG00000156976_Rest	58	10278	5	53	25	25	True	-2.94161	86.98	-5.35765	0.00030734	True
Rest	TARDBP	ENSG00000120948_Rest	181	10282	41	140	25	0	False					False
Rest	EIF2AK4	ENSG00000128829_Rest	24	9322	4	20	0	25	True	-3.87424	93.18	-10.1778	2.42351e-20	True
Rest	TPR	ENSG00000047410_Rest	146	10138	9	137	10	25	True	-0.76601	41.2	-4.82008	0.000807543	True
Rest	IPO9	ENSG00000198700_Rest	83	10279	11	72	25	8	True	-1.96527	74.39	-5.81223	3.37059e-05	True
Rest	METTL25B	ENSG00000143303_Rest	283	10274	29	254	25	25	True	-0.746107	40.38	-0.455091	0.975808	False
Rest	MYO18A	ENSG00000196535_Rest	94	10282	13	81	25	25	True	-0.405082	24.48	-2.94255	0.234553	False
Rest	CHD7	ENSG00000171316_Rest	1253	10279	261	992	16	23	True	-2.63307	83.88	-9.64662	2.7794e-18	True
Rest	N6AMT1	ENSG00000156239_Rest	350	10138	103	247	1	0	True	-3.30355	89.87	-2.35822	0.228914	False
Rest	PAK2	ENSG00000180370_Rest	146	9961	18	128	7	5	True	-2.50348	82.36	-25.3706	5.56657e-138	True
Rest	CHD1	ENSG00000153922_Rest	13	10282	0	13	0	19	True	-0.0893909	6.01	-1.20987	0.999991	False
Rest	KRR1	ENSG00000111615_Rest	36	5651	4	32	1	1	True	-1.99486	74.91	-4.94848	0.00440917	True
Rest	PWP1	ENSG00000136045_Rest	82	10282	1	81	0	1	False					False
Rest	INTS10	ENSG00000104613_Rest	714	9757	206	508	0	2	True	-3.66601	92.12	-12.7924	1.84737e-33	True
Rest	INTS13	ENSG00000064102_Rest	566	9543	179	387	0	0	True	-3.08344	88.2	-14.6038	2.64689e-44	True
Rest	INTS14	ENSG00000138614_Rest	809	10279	206	603	25	2	True	-2.41521	81.25	-6.22106	4.15259e-07	True
Rest	DARS1	ENSG00000115866_Rest	90	10282	16	74	6	6	True	-0.411252	24.8	-2.22269	0.488923	False
Rest	ERCC6L	ENSG00000186871_Rest	116	10279	32	84	0	0	True	-2.39273	80.96	-7.15828	2.98005e-09	True
Rest	MANF	ENSG00000145050_Rest	76	10282	2	74	0	25	True	-3.06658	88.06	-17.7273	3.19461e-66	True
Rest	PDIA6	ENSG00000143870_Rest	150	10275	7	143	22	25	True	-1.88392	72.91	-15.6967	1.74052e-51	True
Rest	NTPCR	ENSG00000135778_Rest	14	10282	2	12	0	25	True	-4.4108	95.3	-6.78381	4.8269e-08	True
Rest	SHFL	ENSG00000130813_Rest	7	10282	6	1	10	0	True	-3.97171	93.63	-12.9389	3.36158e-34	True
Rest	CHD8	ENSG00000100888_Rest	28	9970	9	19	0	0	True	-0.163713	10.73	-0.837204	0.910343	False
Rest	NUFIP2	ENSG00000108256_Rest	54	3382	30	24	18	25	True	-2.40373	81.1	-21.1511	9.42792e-96	True
Rest	RRBP1	ENSG00000125844_Rest	17	2003	15	3	25	2	True	-3.81559	92.9	-12.0073		True
Rest	RPUSD3	ENSG00000156990_Rest	12	10282	1	11	0	15	True	-3.50334	91.18	-10.8539	2.3646e-23	True
Rest	MRPL51	ENSG00000111639_Rest	8	10282	2	6	0	22	False					False
Rest	RPRD1B	ENSG00000101413_Rest	299	8401	112	187	14	0	True	-0.981735	49.36	-3.29537	0.048996	True
Rest	R3HDM1	ENSG00000048991_Rest	10	10282	8	2	2	0	True	-2.49769	82.29	-17.6951	5.65901e-66	True
Rest	THG1L	ENSG00000113272_Rest	152	10141	24	128	25	25	True	-2.67347	84.33	-1.70849	0.671599	False
Rest	SMARCE1	ENSG00000073584_Rest	2379	10275	905	1474	25	0	True	-2.27066	79.28	-9.42973	1.40503e-18	True
Rest	LUC7L3	ENSG00000108848_Rest	164	8635	43	121	25	5	True	-2.48006	82.08	-6.36049	6.04403e-07	True
Rest	YY1	ENSG00000100811_Rest	509	9108	257	252	25	0	True	-0.952477	48.33	-10.9655	5.31683e-24	True
Rest	AGGF1	ENSG00000164252_Rest	7	10282	3	4	0	0	True	-2.98295	87.35	-17.1621	6.31016e-62	True
Rest	ZNF408	ENSG00000175213_Rest	12	10282	10	2	4	3	True	-3.50222	91.17	-6.02927	3.39558e-06	True
Rest	AHNAK	ENSG00000124942_Rest	21	10282	2	19	0	25	True	-3.11238	88.44	-18.1131	3.10471e-69	True
Rest	CRIPT	ENSG00000119878_Rest	14	10282	10	4	25	0	True	-2.71363	84.76	-15.6203	6.296e-51	True
Rest	PHF6	ENSG00000156531_Rest	14	10282	5	9	3	4	True	-3.5559	91.5	-9.14474	7.39065e-16	True
Rest	SMG6	ENSG00000070366_Rest	11	10282	1	10	0	3	True	-0.475519	28.08	-2.17595	0.842919	False
Rest	MRRF	ENSG00000148187_Rest	29	10146	11	18	12	0	True	-4.28063	94.85	-6.4092	5.22027e-07	True
Rest	NONO	ENSG00000147140_Rest	15	9544	9	6	9	25	True	-2.18284	77.98	-16.4968	3.85905e-57	True
Rest	DHX9	ENSG00000135829_Rest	140	9760	23	117	0	0	True	-0.991511	49.7	-7.15213	8.72981e-09	True
Rest	EEF2K	ENSG00000103319_Rest	8	10282	2	6	0	2	True	-3.48336	91.06	-8.00461	1.48226e-11	True
Rest	CTNNBL1	ENSG00000132792_Rest	26	6334	2	24	0	25	True	-2.39438	80.98	-4.04763	0.0405001	True
Rest	SNRPB	ENSG00000125835_Rest	21	10282	1	20	0	2	True	-0.294813	18.48	-1.66309	0.999714	False
Rest	PYGB	ENSG00000100994_Rest	8	10282	0	8	0	7	True	-3.43112	90.73	-9.36665	9.2732e-17	True
Rest	R3HCC1L	ENSG00000166024_Rest	223	10139	19	204	0	0	True	-3.06929	88.09	-10.0649	1.68859e-20	True
Rest	APOBEC3A	ENSG00000128383_Rest	24	10282	5	19	2	25	False					False
Rest	TARBP2	ENSG00000139546_Rest	213	7018	60	153	25	10	True	-1.74063	70.08	-6.14073	1.50523e-06	True
Rest	EIF3K	ENSG00000178982_Rest	78	9106	6	72	25	0	True	-2.90752	86.67	-22.466	4.23766e-108	True
Rest	PUS3	ENSG00000110060_Rest	35	10282	10	25	24	25	True	-2.82067	85.85	-12.1229	9.88609e-30	True
Rest	GLRX3	ENSG00000108010_Rest	22	10282	3	19	0	0	True	-1.89945	73.2	-8.57722	1.07731e-13	True
Rest	RARS1	ENSG00000113643_Rest	31	10282	0	31	0	25	False					False
Rest	LAGE3	ENSG00000196976_Rest	64	9329	9	55	25	20	True	-3.05529	87.97	-7.16266	1.92593e-09	True
Rest	POLR3H	ENSG00000100413_Rest	41	10282	0	41	0	25	True	-0.784414	41.94	-1.55175	0.959238	False
Rest	CFAP20	ENSG00000070761_Rest	454	8168	205	249	0	0	True	-3.67207	92.15	-8.63869	1.21298e-14	True
Rest	CLASRP	ENSG00000104859_Rest	156	9335	46	110	0	0	True	-3.06776	88.07	-5.19654	0.000219791	True
Rest	FAM120A	ENSG00000048828_Rest	31	6336	17	14	25	25	True	-2.79035	85.54	-20.7144	1.70039e-91	True
Rest	GARS1	ENSG00000106105_Rest	10	10282	1	9	0	25	True	-2.36387	80.57	-5.0893	0.000634947	True
Rest	TRMT61B	ENSG00000171103_Rest	7	10282	0	7	0	9	True	-2.05142	75.88	-9.73054	2.76274e-18	True
Rest	ALG13	ENSG00000101901_Rest	34	10282	2	32	1	25	True	-1.66028	68.36	-10.4528	6.18026e-22	True
Rest	WARS1	ENSG00000140105_Rest	28	10134	2	26	0	25	True	-2.42669	81.4	-13.6234	3.10827e-38	True
Rest	L3MBTL3	ENSG00000198945_Rest	34	10276	2	32	0	4	True	-1.3508	60.79	-6.3578	1.11878e-06	True
Rest	EDF1	ENSG00000107223_Rest	8	10282	1	7	0	12	True	-3.40112	90.53	-31.8978	3.54538e-219	True
Rest	TENT5C	ENSG00000183508_Rest	47	10282	6	41	1	1	True	-2.36616	80.6	-10.5348	6.94692e-22	True
Rest	P4HB	ENSG00000185624_Rest	190	9329	23	167	2	25	True	-3.40859	90.58	-5.88761	1.03122e-06	True
Rest	SEC63	ENSG00000025796_Rest	292	10282	35	257	25	25	True	-1.73111	69.88	-9.07664	4.80859e-17	True
Rest	AFF4	ENSG00000072364_Rest	9	10282	6	3	0	0	True	-2.49633	82.28	-19.1743	7.50269e-78	True
Rest	RPL22L1	ENSG00000163584_Rest	6	10282	3	3	3	0	False					False
Rest	CNOT4	ENSG00000080802_Rest	142	4748	64	79	24	23	True	-2.71634	84.78	-7.26144		True
Rest	SARNP	ENSG00000205323_Rest	18	10282	8	10	1	5	True	-1.28634	59.0	-13.1537	1.0022e-35	True
Rest	RIOK3	ENSG00000101782_Rest	8	10282	1	7	0	16	True	-2.7069	84.68	-17.5734	4.87447e-65	True
Rest	ZCCHC8	ENSG00000033030_Rest	41	10282	3	38	0	0	True	-2.74533	85.09	-8.42939	2.14908e-13	True
Rest	CTTN	ENSG00000085733_Rest	19	9961	9	11	11	11	True	-0.719863	39.28	-0.49694		True
Rest	SIN3A	ENSG00000169375_Rest	161	8873	44	117	0	0	True	-0.69225	38.11	-10.9192	8.63556e-24	True
Rest	SCAF8	ENSG00000213079_Rest	81	7935	43	38	25	0	True	-2.95141	87.07	-10.3762	2.63848e-21	True
Rest	ALKBH8	ENSG00000137760_Rest	6	10282	0	6	0	16	True	-3.42116	90.66	-5.84761	3.08864e-05	True
Rest	TBL1XR1	ENSG00000177565_Rest	134	8876	69	65	0	7	True	-1.47974	64.14	-19.3862	9.3528e-80	True
Rest	ZEB1	ENSG00000148516_Rest	252	10282	43	209	25	0	True	-1.42833	62.84	-11.9093	1.23274e-29	True
Rest	ACTR2	ENSG00000138071_Rest	76	10278	20	56	25	25	True	-2.57548	83.22	-21.0394	3.12768e-94	True
Rest	KDM1A	ENSG00000004487_Rest	2017	10282	673	1344	25	20	True	-3.50616	91.2	-15.428	1.20988e-49	True
Rest	INO80	ENSG00000128908_Rest	340	10137	138	202	25	0	True	-1.34653	60.68	-4.95374	0.000370628	True
Rest	ZRSR2	ENSG00000169249_Rest	290	5656	174	117	25	19	True	-1.65146	68.17	-5.2107		True
Rest	RBM7	ENSG00000076053_Rest	14	8163	1	13	0	25	True	-1.91768	73.53	-6.78959	9.59014e-08	True
Rest	SZRD1	ENSG00000055070_Rest	35	4517	23	12	0	21	True	-1.77497	70.78	-18.2754	6.10274e-71	True
Rest	ZBTB14	ENSG00000198081_Rest	16	8869	5	11	3	3	True	-1.60025	67.02	-4.93863	0.00145593	True
Stim8hr	EP300	ENSG00000100393_Stim8hr	158	6151	84	74	25	12	True	-0.735052	39.92	-16.0791	2.27785e-54	True
Stim8hr	H4C1	ENSG00000278637_Stim8hr	21	10274	8	13	1	8	False					False
Stim8hr	FAM98A	ENSG00000119812_Stim8hr	27	6858	16	11	8	25	True	-3.52008	91.28	-27.0888	9.47869e-158	True
Stim8hr	SACM1L	ENSG00000211456_Stim8hr	128	7549	60	68	1	2	True	-0.501386	29.36	-4.89675	0.00761238	True
Stim8hr	SND1	ENSG00000197157_Stim8hr	104	3827	70	34	25	3	True	-3.54518	91.43	-21.6637	1.79484e-100	True
Stim8hr	TBL1XR1	ENSG00000177565_Stim8hr	124	9811	58	66	5	0	True	-1.50736	64.82	-23.1648	1.05321e-114	True
Stim8hr	ATP5F1A	ENSG00000152234_Stim8hr	96	10282	24	72	2	25	True	-2.46496	81.89	-19.1206	1.9004e-77	True
Stim8hr	SHMT2	ENSG00000182199_Stim8hr	22	10282	7	15	0	25	True	-2.88647	86.48	-18.3943	1.80605e-71	True
Stim8hr	ZC3H12D	ENSG00000178199_Stim8hr	12	10282	1	11	0	5	True	-4.15739	94.4	-12.2563	1.92408e-30	True
Stim8hr	GADD45G	ENSG00000130222_Stim8hr	14	10282	4	10	25	8	True	-1.50738	64.83	-4.97824	0.00397012	True
Stim8hr	SEPSECS	ENSG00000109618_Stim8hr	87	9815	17	70	25	25	True	-2.96765	87.22	-3.01662	0.177545	False
Stim8hr	MTERF2	ENSG00000120832_Stim8hr	20	10282	3	17	7	25	True	-2.19474	78.16	-6.00412	1.18912e-05	True
Stim8hr	ZNF177	ENSG00000188629_Stim8hr	39	10281	5	34	24	19	True	-1.99714	74.95	-1.85384	0.688424	False
Stim8hr	ZNF891	ENSG00000214029_Stim8hr	7	10282	0	7	0	13	True	-3.60593	91.79	-7.28742	3.90606e-09	True
Stim8hr	RPL36AL	ENSG00000165502_Stim8hr	11	10282	3	8	0	25	False					False
Stim8hr	TIAL1	ENSG00000151923_Stim8hr	215	9609	81	134	3	0	True	-1.5163	65.04	-25.1264	2.54867e-135	True
Stim8hr	ECI2	ENSG00000198721_Stim8hr	77	1750	29	49	25	0	True	-2.25745	79.09	-7.78872		True
Stim8hr	PCBP4	ENSG00000090097_Stim8hr	29	10282	15	14	0	25	True	-2.84327	86.07	-3.94142	0.0435684	True
Stim8hr	REXO4	ENSG00000148300_Stim8hr	14	10282	3	11	1	25	True	-1.67752	68.74	-15.6511	4.03538e-51	True
Stim8hr	TACO1	ENSG00000136463_Stim8hr	20	5229	12	8	25	17	True	-0.722712	39.4	-5.39961	0.000120657	True
Stim8hr	INPP5D	ENSG00000168918_Stim8hr	11	10282	7	4	25	8	True	-3.94772	93.52	-21.9665	7.44727e-103	True
Stim8hr	LSM8	ENSG00000128534_Stim8hr	51	9817	5	46	25	25	True	-0.412598	24.87	-2.30164	0.395212	False
Stim8hr	PLOD3	ENSG00000106397_Stim8hr	16	10282	5	11	0	12	True	-0.641581	35.9	-1.97368	0.790231	False
Stim8hr	ENDOG	ENSG00000167136_Stim8hr	158	9818	23	135	25	0	True	-4.44643	95.41	-14.8084	1.32148e-45	True
Stim8hr	CCDC12	ENSG00000160799_Stim8hr	593	7316	234	359	25	25	True	-0.321	19.95	-3.06765	0.0501117	True
Stim8hr	CKAP4	ENSG00000136026_Stim8hr	15	10275	2	13	0	25	True	-3.96555	93.6	-4.70321	0.00700175	True
Stim8hr	ARF1	ENSG00000143761_Stim8hr	57	9614	22	35	14	25	True	-0.702442	38.55	-13.9404	3.5891e-40	True
Stim8hr	TEP1	ENSG00000129566_Stim8hr	191	5920	67	125	25	25	True	-3.27871	89.7	-5.94592		True
Stim8hr	LTF	ENSG00000012223_Stim8hr	8	10282	6	2	25	0	False					False
Stim8hr	ZSCAN5B	ENSG00000197213_Stim8hr	6	10282	1	5	0	6	False					False
Stim8hr	SEC23A	ENSG00000100934_Stim8hr	8	10282	5	3	3	3	True	-1.95275	74.17	-10.5796	4.5834e-22	True
Stim8hr	PEX1	ENSG00000127980_Stim8hr	46	9614	14	32	0	25	False					False
Stim8hr	SRP68	ENSG00000167881_Stim8hr	14	831	8	6	25	0	True	-0.76824	41.29	-7.62625	2.07608e-11	True
Stim8hr	GNMT	ENSG00000124713_Stim8hr	54	10003	14	40	3	25	True	-0.576918	32.96	-1.01565	0.808166	False
Stim8hr	YBEY	ENSG00000182362_Stim8hr	54	3139	15	40	12	12	True	-1.7968	71.22	-1.75698		True
Stim8hr	ZCCHC17	ENSG00000121766_Stim8hr	74	8252	39	35	1	17	True	-2.28845	79.53	-10.9024	4.78697e-24	True
Stim8hr	STIP1	ENSG00000168439_Stim8hr	1007	9618	347	660	0	25	True	-4.48878	95.55	-17.3972	8.64907e-64	True
Stim8hr	APOBEC3B	ENSG00000179750_Stim8hr	184	9816	36	148	0	18	True	-2.6478	84.04	-5.17994	8.71867e-05	True
Stim8hr	MAPK14	ENSG00000112062_Stim8hr	19	8719	11	8	0	2	True	-3.77951	92.72	-20.2732	1.99792e-87	True
Stim8hr	RFC1	ENSG00000035928_Stim8hr	18	10282	1	17	0	12	True	-0.803674	42.71	-3.95492	0.0728523	True
Stim8hr	WASHC4	ENSG00000136051_Stim8hr	6	10282	1	5	0	1	True	-2.69401	84.55	-19.3881	1.2038e-79	True
Stim8hr	GIGYF2	ENSG00000204120_Stim8hr	233	10282	77	156	25	1	True	-3.57745	91.62	-11.0679	2.0062e-24	True
Stim8hr	SEPTIN7	ENSG00000122545_Stim8hr	55	8020	18	37	25	0	True	-1.68999	69.01	-7.9207	1.95869e-11	True
Stim8hr	TMEM63C	ENSG00000165548_Stim8hr	6	10282	4	2	3	0	False					False
Stim8hr	CLUH	ENSG00000132361_Stim8hr	26	6382	15	11	25	6	True	-3.31367	89.94	-19.751	5.19969e-83	True
Stim8hr	SREK1	ENSG00000153914_Stim8hr	62	5225	32	30	10	25	False					False
Stim8hr	MORF4L1	ENSG00000185787_Stim8hr	220	9186	95	125	0	0	True	-2.83954	86.03	-20.339	5.52699e-88	True
Stim8hr	RCAN3	ENSG00000117602_Stim8hr	12	7547	8	4	1	0	True	-3.97815	93.65	-17.764	1.04987e-66	True
Stim8hr	EEFSEC	ENSG00000132394_Stim8hr	8	10282	1	7	0	0	True	-1.36749	61.24	-6.69314	2.70199e-07	True
Stim8hr	HSP90AA1	ENSG00000080824_Stim8hr	9	10282	0	9	0	25	True	-0.59155	33.64	-9.81295	1.22487e-18	True
Stim8hr	CAND1	ENSG00000111530_Stim8hr	1158	9810	456	702	25	16	True	-3.82067	92.92	-40.1076	0.0	True
Stim8hr	STT3A	ENSG00000134910_Stim8hr	45	7318	18	27	25	10	True	-1.61621	67.38	-20.5373	7.57844e-90	True
Stim8hr	CIR1	ENSG00000138433_Stim8hr	31	9406	26	5	25	4	True	-2.81865	85.83	-8.2261	1.26248e-12	True
Stim8hr	MPHOSPH6	ENSG00000135698_Stim8hr	8	10282	3	5	1	3	True	-0.429988	25.77	-3.78029	0.161436	False
Stim8hr	RIF1	ENSG00000080345_Stim8hr	9	10281	0	9	0	25	True	-3.46759	90.96	-16.9355	3.0456e-60	True
Stim8hr	PCBP2	ENSG00000197111_Stim8hr	626	9821	187	439	4	9	True	-0.864853	45.09	-3.70028	0.0141089	True
Stim8hr	EZH2	ENSG00000106462_Stim8hr	406	10268	77	329	25	5	True	-1.3145	59.79	-9.76619	1.71731e-18	True
Stim8hr	SIRT7	ENSG00000187531_Stim8hr	110	10282	28	82	0	0	True	-0.644024	36.01	-6.46102	6.31468e-07	True
Stim8hr	CAB39	ENSG00000135932_Stim8hr	128	10161	19	109	0	6	True	-1.01386	50.48	-15.9835	1.78223e-53	True
Stim8hr	MOV10	ENSG00000155363_Stim8hr	740	10271	235	505	25	14	True	-2.50131	82.34	-10.4695	1.30352e-21	True
Stim8hr	ZMAT1	ENSG00000166432_Stim8hr	170	10282	22	148	17	2	True	-1.71302	69.5	-1.79523	0.482319	False
Stim8hr	INTS14	ENSG00000138614_Stim8hr	781	9818	186	595	24	0	True	-1.89261	73.07	-8.83861	1.9801e-15	True
Stim8hr	SRSF11	ENSG00000116754_Stim8hr	78	10282	23	55	8	25	True	-0.919637	47.14	-4.36997	0.00693703	True
Stim8hr	HMGA1	ENSG00000137309_Stim8hr	22	10281	4	18	2	25	True	0.0502556	-3.54	0.165632	0.999672	False
Stim8hr	STN1	ENSG00000107960_Stim8hr	7	10282	2	5	0	6	True	-0.43052	25.8	-2.41168	0.614187	False
Stim8hr	MRPL13	ENSG00000172172_Stim8hr	38	10260	3	35	12	25	False					False
Stim8hr	EIF2B1	ENSG00000111361_Stim8hr	144	10282	4	140	1	25	False					False
Stim8hr	NUDT5	ENSG00000165609_Stim8hr	117	10271	14	103	12	25	True	-3.39106	90.47	-13.9098	3.01717e-40	True
Stim8hr	HERC2	ENSG00000128731_Stim8hr	34	10282	6	28	13	0	True	-3.40049	90.53	-3.39914	0.143833	False
Stim8hr	MYH9	ENSG00000100345_Stim8hr	56	10277	7	49	13	25	True	-0.962885	48.7	-13.4956	1.81585e-37	True
Stim8hr	CDKN2AIP	ENSG00000168564_Stim8hr	101	9818	55	46	0	0	True	-2.67266	84.32	-8.40334	4.43232e-13	True
Stim8hr	DDX42	ENSG00000198231_Stim8hr	150	9819	28	122	1	0	True	-3.1537	88.76	-5.7754	2.61451e-05	True
Stim8hr	ZNF808	ENSG00000198482_Stim8hr	9	10282	7	2	11	0	True	-2.91684	86.76	-3.19903	0.40612	False
Stim8hr	AP2B1	ENSG00000006125_Stim8hr	8	10282	7	1	25	0	True	-3.27532	89.67	-12.3994	1.62912e-31	True
Stim8hr	EIF2B4	ENSG00000115211_Stim8hr	13	3827	8	5	25	3	False					False
Stim8hr	RBMS2	ENSG00000076067_Stim8hr	10	10282	8	2	3	0	True	-0.707258	38.75	-2.03639	0.999657	False
Stim8hr	NUP133	ENSG00000069248_Stim8hr	7	10282	0	7	0	1	True	-0.300004	18.77	-1.70398	0.993425	False
Stim8hr	SRA1	ENSG00000213523_Stim8hr	32	10282	1	31	0	13	True	-1.11529	53.84	-4.18512	0.0244826	True
Stim8hr	TNS1	ENSG00000079308_Stim8hr	6	10282	4	2	0	0	False					False
Stim8hr	CAPRIN2	ENSG00000110888_Stim8hr	11	9613	3	8	6	21	True	-4.26783	94.81	-2.63173	0.572324	False
Stim8hr	TRIM39	ENSG00000204599_Stim8hr	38	10282	34	4	0	1	True	-2.92151	86.8	-5.38699	0.00014871	True
Stim8hr	SCAPER	ENSG00000140386_Stim8hr	12	10282	4	8	4	23	True	-3.53101	91.35	-7.81832	3.31329e-11	True
Stim8hr	SNAPC1	ENSG00000023608_Stim8hr	37	10281	9	28	25	25	False					False
Stim8hr	LSM11	ENSG00000155858_Stim8hr	42	8953	11	31	0	12	True	-0.447139	26.65	-1.92832	0.49005	False
Stim8hr	ZNF81	ENSG00000197779_Stim8hr	11	10282	4	7	0	0	False					False
Stim8hr	ASXL2	ENSG00000143970_Stim8hr	28	9176	23	5	0	25	True	-0.203383	13.15	-1.17175	0.874452	False
Stim8hr	MPG	ENSG00000103152_Stim8hr	55	4056	32	23	25	25	True	-2.65291	84.1	-11.0989	5.35014e-25	True
Stim8hr	HSPA1B	ENSG00000204388_Stim8hr	16	10282	1	15	0	25	True	-0.792824	42.28	-5.99376	6.33848e-06	True
Stim8hr	CANX	ENSG00000127022_Stim8hr	14	10282	4	10	0	6	True	-2.40452	81.11	-20.9071	5.70953e-93	True
Stim8hr	ADD1	ENSG00000087274_Stim8hr	9	10282	7	2	8	0	True	-0.993582	49.78	-13.7981	3.23439e-39	True
Stim8hr	ZNF473	ENSG00000142528_Stim8hr	11	10282	1	10	0	25	True	-3.58336	91.66	-6.60286	2.49486e-07	True
Stim8hr	OPA1	ENSG00000198836_Stim8hr	13	10282	2	11	0	25	True	-2.16312	77.67	-14.3547	1.23229e-42	True
Stim8hr	IRF9	ENSG00000213928_Stim8hr	56	10281	54	2	25	0	True	-3.11604	88.47	-24.0102	2.6941e-123	True
Stim8hr	TRIM28	ENSG00000130726_Stim8hr	32	10281	5	27	8	4	True	-1.62924	67.67	-9.68549	1.43179e-18	True
Stim8hr	RO60	ENSG00000116747_Stim8hr	483	8020	252	231	0	14	True	-3.24106	89.42	-27.4518	2.74287e-162	True
Stim8hr	API5	ENSG00000166181_Stim8hr	16	2445	9	7	1	5	True	-2.21623	78.48	-16.9288	7.00314e-61	True
Stim8hr	ZNF581	ENSG00000171425_Stim8hr	11	10282	5	6	4	25	True	-3.44557	90.82	-11.8355	1.48992e-28	True
Stim8hr	DDX5	ENSG00000108654_Stim8hr	37	7083	14	23	9	0	True	-2.36449	80.58	-23.6905	3.30963e-120	True
Stim8hr	PRPF40A	ENSG00000196504_Stim8hr	32	10269	7	25	18	2	True	-0.286053	17.99	-1.83627	0.730067	False
Stim8hr	TRIP6	ENSG00000087077_Stim8hr	9	10281	3	6	0	25	True	-4.44383	95.41	-6.00897	7.70179e-06	True
Stim8hr	PAPOLA	ENSG00000090060_Stim8hr	55	10282	24	31	25	3	True	-1.80365	71.36	-18.5473	9.79201e-73	True
Stim8hr	SETD1B	ENSG00000139718_Stim8hr	218	9174	127	91	25	0	True	-2.7467	85.1	-11.9745	2.29431e-29	True
Stim8hr	CAPZA1	ENSG00000116489_Stim8hr	54	5220	27	27	25	25	True	-2.81081	85.75	-21.8669	2.90507e-102	True
Stim8hr	PARP8	ENSG00000151883_Stim8hr	19	10282	1	18	0	25	True	-2.0925	76.55	-10.5999	3.69213e-22	True
Stim8hr	ATP2B1	ENSG00000070961_Stim8hr	42	10275	18	24	1	10	True	-0.896797	46.29	-5.91573	3.61335e-06	True
Stim8hr	NEMF	ENSG00000165525_Stim8hr	46	1520	13	34	25	2	True	-1.10219	53.42	-14.1345		True
Stim8hr	DAPK2	ENSG00000035664_Stim8hr	13	10282	4	9	8	25	True	-0.670375	37.17	-0.543316	0.999988	False
Stim8hr	H1-0	ENSG00000189060_Stim8hr	17	10272	0	17	0	4	True	-2.11539	76.92	-1.11689	0.983174	False
Stim8hr	WDR26	ENSG00000162923_Stim8hr	22	10282	7	15	5	25	True	-0.781478	41.82	-6.80595	1.24165e-07	True
Stim8hr	CHD8	ENSG00000100888_Stim8hr	13	10282	8	5	8	25	True	-0.08218	5.54	-0.585123	0.999685	False
Stim8hr	RBM6	ENSG00000004534_Stim8hr	10	10282	2	8	0	20	True	-2.84564	86.09	-14.5706	5.34588e-44	True
Stim8hr	TUT4	ENSG00000134744_Stim8hr	13	10282	7	6	18	5	False					False
Stim8hr	CCDC137	ENSG00000185298_Stim8hr	12	10282	2	10	0	10	True	-3.14166	88.67	-4.84849	0.00769381	True
Stim8hr	METTL25B	ENSG00000143303_Stim8hr	45	4058	6	40	2	25	True	-0.350208	21.55	-0.362356		True
Stim8hr	NOP14	ENSG00000087269_Stim8hr	16	7318	3	13	0	7	False					False
Stim8hr	UTP14C	ENSG00000253797_Stim8hr	17	9397	6	11	25	2	False					False
Stim8hr	PTRH2	ENSG00000141378_Stim8hr	80	10282	7	73	10	25	True	-2.93952	86.96	-7.32929	5.17031e-10	True
Stim8hr	EIF3H	ENSG00000147677_Stim8hr	584	9175	242	342	25	0	True	-1.36292	61.12	-10.9635	1.35825e-24	True
Stim8hr	EIF4A1	ENSG00000161960_Stim8hr	227	5223	98	129	1	25	True	-2.50884	82.43	-21.3505	2.08632e-97	True
Stim8hr	MARK2	ENSG00000072518_Stim8hr	65	6615	26	39	25	25	True	-1.11067	53.69	-11.4692	1.29076e-26	True
Stim8hr	RPP25L	ENSG00000164967_Stim8hr	31	10282	10	21	2	25	True	-4.02634	93.86	-12.3084	9.11568e-31	True
Stim8hr	SPSB2	ENSG00000111671_Stim8hr	34	10281	2	32	0	3	True	-3.08971	88.25	-9.3522	1.0615e-16	True
Stim8hr	POLR2K	ENSG00000147669_Stim8hr	194	7317	61	133	25	24	True	-0.404189	24.43	-3.32248	0.0661129	True
Stim8hr	RIMKLB	ENSG00000166532_Stim8hr	13	10281	10	3	4	0	True	-2.66576	84.24	-2.90772	0.475117	False
Stim8hr	METTL2A	ENSG00000087995_Stim8hr	8	10282	1	7	0	12	True	-0.797189	42.45	-4.99478	0.00728504	True
Stim8hr	RAB9A	ENSG00000123595_Stim8hr	18	10282	5	13	2	9	True	-3.71421	92.38	-11.4529	2.81491e-26	True
Stim8hr	PARP14	ENSG00000173193_Stim8hr	1328	10274	344	984	2	10	True	-2.70011	84.61	-21.7511	7.37868e-101	True
Stim8hr	SPTBN1	ENSG00000115306_Stim8hr	880	9174	266	614	20	19	True	0.172247	-12.68	1.06489	0.582069	False
Stim8hr	TIA1	ENSG00000116001_Stim8hr	227	10282	76	151	1	0	True	-1.27137	58.57	-17.3006	5.43042e-63	True
Stim8hr	EDC3	ENSG00000179151_Stim8hr	777	10282	182	595	6	0	True	-3.74506	92.54	-27.1968	7.91923e-159	True
Stim8hr	RAD54L2	ENSG00000164080_Stim8hr	106	10282	6	100	0	3	True	-0.212845	13.72	-3.2238	0.114732	False
Stim8hr	ARF4	ENSG00000168374_Stim8hr	153	9818	28	125	3	25	True	-1.39911	62.08	-10.8583	1.86064e-23	True
Stim8hr	ARFIP2	ENSG00000132254_Stim8hr	11	10282	5	6	8	7	True	-3.3441	90.15	-24.8213	6.53017e-132	True
Stim8hr	DIAPH1	ENSG00000131504_Stim8hr	24	10282	5	19	5	0	True	-2.94936	87.05	-26.7553	1.3241e-153	True
Stim8hr	ACTR2	ENSG00000138071_Stim8hr	582	7790	183	399	11	25	True	-2.33233	80.14	-18.8942	1.02664e-75	True
Stim8hr	TMEM214	ENSG00000119777_Stim8hr	648	8733	174	474	9	25	True	-3.84874	93.06	-14.1388	9.88479e-42	True
Stim8hr	RPN1	ENSG00000163902_Stim8hr	51	830	23	29	25	19	True	-1.14567	54.8	-3.23766		True
Stim8hr	NFIX	ENSG00000008441_Stim8hr	38	7548	7	32	17	25	True	-3.59811	91.74	-3.33632		True
Stim8hr	ARID4B	ENSG00000054267_Stim8hr	241	8958	49	192	25	25	True	-1.83251	71.92	-12.3769	3.22711e-31	True
Stim8hr	SRP14	ENSG00000140319_Stim8hr	545	10160	125	420	25	25	False					False
Stim8hr	CREBBP	ENSG00000005339_Stim8hr	2968	10270	999	1969	25	25	True	-2.361	80.53	-23.3979	4.90515e-117	True
Stim8hr	DAD1	ENSG00000129562_Stim8hr	423	9173	78	345	25	25	False					False
Stim8hr	TRIM21	ENSG00000132109_Stim8hr	47	10155	5	42	15	10	True	-3.67236	92.16	-9.19282	4.08974e-16	True
Stim8hr	MRPL47	ENSG00000136522_Stim8hr	6	10281	1	5	0	1	False					False
Stim8hr	KAT2B	ENSG00000114166_Stim8hr	25	8495	10	15	25	25	True	-1.66865	68.55	-9.50963	8.40029e-18	True
Stim8hr	PDE12	ENSG00000174840_Stim8hr	6	10282	2	4	0	0	True	-3.85877	93.11	-20.5374	1.23463e-89	True
Stim8hr	LRBA	ENSG00000198589_Stim8hr	2992	10276	788	2204	25	25	True	-2.80613	85.7	-17.7328	2.55813e-66	True
Stim8hr	SLC3A2	ENSG00000168003_Stim8hr	2491	10278	692	1799	25	25	True	-1.06418	52.18	-13.3692	1.00099e-36	True
Stim8hr	TENT2	ENSG00000164329_Stim8hr	1357	10272	323	1034	25	25	True	-1.93457	73.84	-19.1949	4.45702e-78	True
Stim8hr	EIF1AX	ENSG00000173674_Stim8hr	2576	10270	614	1962	25	19	True	-1.45061	63.41	-3.59692	0.00402511	True
Stim8hr	GPATCH3	ENSG00000198746_Stim8hr	17	10282	2	15	0	25	True	-3.30984	89.92	-9.09826	1.13584e-15	True
Stim8hr	UBE2L3	ENSG00000185651_Stim8hr	2873	10281	792	2081	25	25	True	-2.75965	85.23	-38.4556	0.0	True
Stim8hr	ZFPM1	ENSG00000179588_Stim8hr	3512	10268	763	2749	25	25	False					False
Stim8hr	ZCCHC3	ENSG00000247315_Stim8hr	13	10282	5	8	2	5	True	-2.68431	84.44	-20.5524	9.07069e-90	True
Stim8hr	BCAP29	ENSG00000075790_Stim8hr	104	10282	4	100	2	25	True	-3.21286	89.21	-15.359	3.51853e-49	True
Stim8hr	RREB1	ENSG00000124782_Stim8hr	76	10282	21	55	0	2	True	-1.31796	59.89	-8.261	3.22733e-13	True
Stim8hr	EIF4H	ENSG00000106682_Stim8hr	224	10267	27	197	0	2	True	-2.82693	85.91	-28.98	1.28245e-180	True
Stim8hr	PDIA3	ENSG00000167004_Stim8hr	309	10282	44	265	25	8	True	-3.90871	93.34	-27.4176	1.92933e-161	True
Stim8hr	C11orf68	ENSG00000175573_Stim8hr	147	9394	74	73	3	1	True	-2.90714	86.67	-9.28668	5.15983e-17	True
Stim8hr	SMARCE1	ENSG00000073584_Stim8hr	3266	10162	1229	2037	25	25	True	-2.81124	85.75	-12.5634	7.18126e-33	True
Stim8hr	INTS12	ENSG00000138785_Stim8hr	1147	10004	307	840	0	25	True	-2.69846	84.59	-14.1559	8.98261e-42	True
Stim8hr	WT1	ENSG00000184937_Stim8hr	9	10282	9	0	0	0	False					False
Stim8hr	HSPE1	ENSG00000115541_Stim8hr	48	10282	10	38	25	3	True	-0.321637	19.98	-2.2728	0.613136	False
Stim8hr	SUN1	ENSG00000164828_Stim8hr	38	9611	3	35	25	5	True	-5.31722	97.49	-3.48826	0.107694	False
Stim8hr	RAVER1	ENSG00000161847_Stim8hr	255	10282	55	200	0	25	True	-3.19681	89.09	-34.987	3.96132e-264	True
Stim8hr	SRP9	ENSG00000143742_Stim8hr	234	10160	64	170	25	0	True	-0.807785	42.87	-6.4179	2.46336e-07	True
Stim8hr	KPNA4	ENSG00000186432_Stim8hr	70	7548	14	56	25	25	True	-2.72939	84.92	-27.8711	4.66773e-167	True
Stim8hr	TTF1	ENSG00000125482_Stim8hr	192	9810	2	190	0	25	True	-0.601402	34.09	-2.65786	0.20867	False
Stim8hr	DDX60L	ENSG00000181381_Stim8hr	196	4063	71	126	10	25	True	-3.78861	92.76	-7.22379		True
Stim8hr	SKIC2	ENSG00000204351_Stim8hr	986	9817	220	766	25	25	True	-1.64463	68.02	-2.3208	0.157791	False
Stim8hr	NRAS	ENSG00000213281_Stim8hr	374	10281	73	301	0	2	True	-2.66153	84.19	-34.8775	1.85936e-262	True
Stim8hr	TAF1B	ENSG00000115750_Stim8hr	11	10282	2	9	0	0	True	-0.455408	27.07	-4.13982	0.0688916	True
Stim8hr	EIF4G2	ENSG00000110321_Stim8hr	2529	9994	890	1639	25	25	True	-2.20415	78.3	-10.7187	1.24086e-23	True
Stim8hr	FHIT	ENSG00000189283_Stim8hr	22	8948	14	8	25	13	True	-0.244479	15.59	-0.337488	0.98454	False
Stim8hr	ACO2	ENSG00000100412_Stim8hr	59	10282	4	55	1	1	True	-0.511042	29.83	-2.86368	0.279136	False
Stim8hr	SUV39H1	ENSG00000101945_Stim8hr	11	10282	1	10	0	22	True	-0.956594	48.47	-5.7271	0.000126388	True
Stim8hr	INTS10	ENSG00000104613_Stim8hr	1453	9619	483	970	5	0	True	-3.20986	89.19	-18.3403	1.31166e-71	True
Stim8hr	INTS13	ENSG00000064102_Stim8hr	982	9815	266	716	25	0	True	-2.63835	83.94	-14.8067	1.35424e-45	True
Stim8hr	SLC4A1AP	ENSG00000163798_Stim8hr	207	10003	49	158	0	21	True	-0.644703	36.04	-7.57975	1.80989e-10	True
Stim8hr	TMED3	ENSG00000166557_Stim8hr	31	10282	2	29	0	25	True	-2.77288	85.37	-20.5474	1.00471e-89	True
Stim8hr	URB2	ENSG00000135763_Stim8hr	60	9810	7	53	15	0	True	-1.22595	57.25	-5.5753	8.40723e-05	True
Stim8hr	KDM1A	ENSG00000004487_Stim8hr	2300	10275	724	1576	1	25	True	-4.07217	94.05	-21.0502	2.48852e-94	True
Stim8hr	ZNF587B	ENSG00000269343_Stim8hr	47	10282	1	46	0	25	True	-0.0979373	6.56	-0.76704	1.0	False
Stim8hr	PPP1R10	ENSG00000204569_Stim8hr	141	9404	21	120	15	15	True	-0.344028	21.22	-2.72118	0.189576	False
Stim8hr	DXO	ENSG00000204348_Stim8hr	8	10282	2	6	0	5	True	-3.45162	90.86	-4.11762	0.0526535	True
Stim8hr	NCBP3	ENSG00000074356_Stim8hr	631	10002	175	456	10	16	True	-3.34695	90.17	-21.2523	3.28321e-96	True
Stim8hr	CNOT6L	ENSG00000138767_Stim8hr	28	10282	5	23	1	2	True	-1.8039	71.36	-18.1806	9.08756e-70	True
Stim8hr	CRIPT	ENSG00000119878_Stim8hr	96	10282	29	67	0	1	True	-2.65396	84.11	-16.1099	2.68802e-54	True
Stim8hr	NABP1	ENSG00000173559_Stim8hr	422	10159	48	374	25	25	True	-3.54715	91.45	-18.4125	1.11435e-71	True
Stim8hr	URB1	ENSG00000142207_Stim8hr	84	10282	6	78	22	11	True	-0.763565	41.1	-2.96067	0.171352	False
Stim8hr	TASOR	ENSG00000163946_Stim8hr	373	10282	63	310	8	0	True	-3.16502	88.85	-26.9235	1.35892e-155	True
Stim8hr	ELAC1	ENSG00000141642_Stim8hr	6	10281	0	6	0	25	True	-1.63542	67.81	-4.61308	0.0163489	True
Stim8hr	MBD2	ENSG00000134046_Stim8hr	926	10282	199	727	25	25	True	-1.68889	68.98	-12.4624	6.6879e-32	True
Stim8hr	ASH2L	ENSG00000129691_Stim8hr	589	10272	58	531	25	25	True	-0.54584	31.5	-0.922837	0.827606	False
Stim8hr	ERCC6L2	ENSG00000182150_Stim8hr	239	4296	86	154	25	25	True	-2.76313	85.27	-12.378		True
Stim8hr	COA6	ENSG00000168275_Stim8hr	9	10282	5	4	0	3	True	-2.31143	79.85	-26.2541	7.93318e-148	True
Stim8hr	TOPBP1	ENSG00000163781_Stim8hr	34	9166	3	31	2	25	True	-0.879641	45.65	-3.92824	0.0368917	True
Stim8hr	MEFV	ENSG00000103313_Stim8hr	7	10282	0	7	0	25	False					False
Stim8hr	RNASEH2B	ENSG00000136104_Stim8hr	110	9175	12	98	25	25	True	-1.28534	58.97	-2.6582	0.237555	False
Stim8hr	DZIP1	ENSG00000134874_Stim8hr	136	10000	19	118	0	25	True	-1.05641	51.92	-0.637134		True
Stim8hr	SUGT1	ENSG00000165416_Stim8hr	67	10274	7	60	25	1	True	-1.24098	57.69	-4.38177	0.0183847	True
Stim8hr	BRIP1	ENSG00000136492_Stim8hr	95	9998	7	88	6	0	True	-0.987273	49.56	-1.50998	0.713929	False
Stim8hr	PTPN1	ENSG00000196396_Stim8hr	98	10270	6	92	25	25	True	-0.697773	38.35	-5.11142	0.000499068	True
Stim8hr	ZFP64	ENSG00000020256_Stim8hr	7	10282	3	4	7	0	True	-3.72854	92.46	-10.5513	6.20014e-22	True
Stim8hr	ZNFX1	ENSG00000124201_Stim8hr	28	10282	3	25	0	25	True	-3.6051	91.78	-16.0748	4.74202e-54	True
Stim8hr	RNASEH2C	ENSG00000172922_Stim8hr	732	10154	96	636	25	25	True	-1.61026	67.25	-3.84239	0.00594922	True
Stim8hr	DENR	ENSG00000139726_Stim8hr	3636	10169	1068	2568	25	25	True	-2.79076	85.55	-30.8567	4.87108e-205	True
Stim8hr	RHEB	ENSG00000106615_Stim8hr	859	10271	184	675	25	0	True	-1.26565	58.41	-11.5391	9.15691e-27	True
Stim8hr	CHD7	ENSG00000171316_Stim8hr	2277	10010	619	1658	25	25	True	-2.9304	86.88	-15.6679	2.62314e-51	True
Stim8hr	DIS3L2	ENSG00000144535_Stim8hr	580	10269	88	492	25	12	True	-4.18673	94.51	-13.8214	2.07046e-39	True
Stim8hr	SIK2	ENSG00000170145_Stim8hr	37	10275	1	36	0	6	True	-2.79983	85.64	-7.45378	9.91714e-10	True
Stim8hr	PRDX4	ENSG00000123131_Stim8hr	27	10282	2	25	0	6	True	-3.78656	92.75	-23.2462	1.92364e-115	True
Stim8hr	RBM33	ENSG00000184863_Stim8hr	814	10002	176	638	25	7	True	-1.50024	64.65	-13.4639	8.89443e-38	True
Stim8hr	SGF29	ENSG00000176476_Stim8hr	4047	10273	1184	2863	25	0	True	-3.5415	91.41	-15.1337	1.0612e-47	True
Stim8hr	TRRAP	ENSG00000196367_Stim8hr	1256	10000	333	923	25	0	True	-0.939694	47.87	-10.5386	5.9945e-22	True
Stim8hr	MRPL10	ENSG00000159111_Stim8hr	35	10281	9	26	25	25	False					False
Stim8hr	MRPL35	ENSG00000132313_Stim8hr	77	5690	24	53	0	0	False					False
Stim8hr	MRPS27	ENSG00000113048_Stim8hr	87	9172	34	53	3	0	False					False
Stim8hr	MRPS7	ENSG00000125445_Stim8hr	9	10282	2	7	0	13	False					False
Stim8hr	CARS2	ENSG00000134905_Stim8hr	11	10282	1	10	0	25	True	-3.8613	93.12	-14.2927	3.00807e-42	True
Stim8hr	MRPL33	ENSG00000243147_Stim8hr	6	10282	0	6	0	25	False					False
Stim8hr	MRPL15	ENSG00000137547_Stim8hr	9	10282	0	9	0	7	False					False
Stim8hr	TRMT10C	ENSG00000174173_Stim8hr	9	10281	2	7	0	25	True	-1.25094	57.98	-13.3945	8.0562e-37	True
Stim8hr	FASTKD5	ENSG00000215251_Stim8hr	13	10282	8	5	17	12	True	-2.79526	85.59	-16.0836	3.71384e-54	True
Stim8hr	GATB	ENSG00000059691_Stim8hr	6	10282	1	5	0	0	True	-2.47497	82.01	-7.60548	3.51283e-10	True
Stim8hr	QRSL1	ENSG00000130348_Stim8hr	95	8955	43	52	9	0	True	-2.60303	83.54	-14.0652	5.75511e-41	True
Stim8hr	MRPL28	ENSG00000086504_Stim8hr	9	10281	3	6	0	18	False					False
Stim8hr	TFB1M	ENSG00000029639_Stim8hr	6	10282	0	6	0	0	True	-3.66319	92.11	-11.5573	8.38198e-27	True
Stim8hr	MRPS22	ENSG00000175110_Stim8hr	13	10282	5	8	25	6	False					False
Stim8hr	MTG1	ENSG00000148824_Stim8hr	7	10282	2	5	0	9	True	-3.14106	88.66	-18.6497	1.57008e-73	True
Stim8hr	MRPL18	ENSG00000112110_Stim8hr	121	8257	44	77	0	0	False					False
Stim8hr	MTPAP	ENSG00000107951_Stim8hr	37	10282	10	27	1	6	True	-3.5124	91.24	-13.79	3.34283e-39	True
Stim8hr	MRPL11	ENSG00000174547_Stim8hr	266	8258	99	167	2	1	False					False
Stim8hr	PTCD2	ENSG00000049883_Stim8hr	42	9398	6	36	3	14	True	-4.25478	94.76	-5.68799	0.000125045	True
Stim8hr	NSUN4	ENSG00000117481_Stim8hr	108	9613	39	69	25	0	True	-4.15583	94.39	-11.1157	1.04911e-24	True
Stim8hr	WARS2	ENSG00000116874_Stim8hr	67	5918	21	46	3	25	True	-3.17501	88.93	-12.6856	4.36016e-33	True
Stim8hr	MRPS5	ENSG00000144029_Stim8hr	75	6612	31	44	25	25	False					False
Stim8hr	MRPL43	ENSG00000055950_Stim8hr	149	8492	47	102	25	0	False					False
Stim8hr	MRPL45	ENSG00000278845_Stim8hr	259	9413	53	206	0	0	False					False
Stim8hr	POLRMT	ENSG00000099821_Stim8hr	169	9173	59	110	0	25	True	-1.15889	55.21	-2.42206	0.283795	False
Stim8hr	MRPL34	ENSG00000130312_Stim8hr	26	10282	13	13	0	25	False					False
Stim8hr	MRPS24	ENSG00000062582_Stim8hr	163	6149	73	90	1	25	False					False
Stim8hr	COQ3	ENSG00000132423_Stim8hr	231	9808	56	175	5	0	True	-3.90224	93.31	-5.01981	0.000406024	True
Stim8hr	RBFA	ENSG00000101546_Stim8hr	145	10282	34	111	0	10	True	-4.40967	95.3	-10.5449	5.99453e-22	True
Stim8hr	MRPL16	ENSG00000166902_Stim8hr	135	9405	41	94	0	2	False					False
Stim8hr	MRPL22	ENSG00000082515_Stim8hr	39	5458	9	30	0	20	False					False
Stim8hr	CTPS1	ENSG00000171793_Stim8hr	891	9400	347	544	20	0	True	-0.699163	38.41	-8.05681	3.81074e-12	True
Stim8hr	IMPDH2	ENSG00000178035_Stim8hr	526	9176	178	348	25	25	True	-2.75464	85.18	-11.3282	9.03869e-26	True
Stim8hr	COA3	ENSG00000183978_Stim8hr	252	7554	92	160	16	0	True	-2.92513	86.83	-12.6372	1.02995e-32	True
Stim8hr	MRPL49	ENSG00000149792_Stim8hr	207	5227	112	95	25	25	False					False
Stim8hr	EARS2	ENSG00000103356_Stim8hr	276	9397	120	156	10	0	True	-2.31448	79.9	-9.30994	1.24421e-16	True
Stim8hr	MRPL37	ENSG00000116221_Stim8hr	222	7789	91	131	0	0	False					False
Stim8hr	CAD	ENSG00000084774_Stim8hr	609	6611	235	374	21	0	True	-3.2416	89.43	-5.49351	1.79941e-05	True
Stim8hr	TEFM	ENSG00000172171_Stim8hr	68	10002	23	45	25	4	True	-2.1623	77.66	-8.52876	7.73218e-14	True
Stim8hr	PARS2	ENSG00000162396_Stim8hr	650	8491	311	339	25	0	True	-2.63862	83.94	-4.47921	0.00204755	True
Stim8hr	PNPT1	ENSG00000138035_Stim8hr	1237	8020	548	689	5	0	True	-3.15987	88.81	-10.6537	1.38975e-22	True
Stim8hr	MRPL42	ENSG00000198015_Stim8hr	948	9172	415	533	3	10	False					False
Stim8hr	TARS2	ENSG00000143374_Stim8hr	1823	9178	745	1078	25	2	True	-2.46077	81.84	-11.9254	8.2896e-29	True
Stim8hr	BCS1L	ENSG00000074582_Stim8hr	1086	8946	367	719	25	0	True	-4.11632	94.23	-10.2557	5.16055e-21	True
Stim8hr	MRPS11	ENSG00000181991_Stim8hr	631	9403	231	400	25	0	False					False
Stim8hr	HSD17B10	ENSG00000072506_Stim8hr	679	9400	266	413	2	0	True	-1.63269	67.75	-16.1516	1.07744e-54	True
Stim8hr	MRPS17	ENSG00000239789_Stim8hr	625	8485	226	399	6	0	False					False
Stim8hr	VARS2	ENSG00000137411_Stim8hr	783	8942	318	465	6	0	True	-4.25226	94.75	-9.73625	1.95232e-18	True
Stim8hr	UQCRC2	ENSG00000140740_Stim8hr	176	8020	59	117	8	0	True	-1.99137	74.85	-12.0111	2.57531e-29	True
Stim8hr	MRPL46	ENSG00000259494_Stim8hr	614	8011	243	371	15	0	False					False
Stim8hr	MRPS9	ENSG00000135972_Stim8hr	410	6609	169	241	3	0	False					False
Stim8hr	MRPS25	ENSG00000131368_Stim8hr	96	8022	20	76	10	0	False					False
Stim8hr	MRPL2	ENSG00000112651_Stim8hr	387	8258	167	220	2	0	False					False
Stim8hr	SSBP1	ENSG00000106028_Stim8hr	951	8258	414	537	14	0	True	-2.54606	82.88	-4.9924	9.42544e-05	True
Stim8hr	MRPS23	ENSG00000181610_Stim8hr	347	7793	136	211	0	0	False					False
Stim8hr	TFAM	ENSG00000108064_Stim8hr	817	8498	342	475	1	2	True	-3.47695	91.02	-28.3212	1.6642e-172	True
Stim8hr	MRPS15	ENSG00000116898_Stim8hr	803	8949	302	501	9	0	False					False
Stim8hr	LRPPRC	ENSG00000138095_Stim8hr	770	9179	304	466	4	0	True	-4.096	94.15	-36.5729	7.33943e-289	True
Stim8hr	MRPS2	ENSG00000122140_Stim8hr	1374	8719	486	888	25	0	False					False
Stim8hr	MRPS21	ENSG00000266472_Stim8hr	348	7548	143	205	11	6	False					False
Stim8hr	TUFM	ENSG00000178952_Stim8hr	651	9607	173	478	19	8	True	-3.14221	88.67	-22.3668	8.25511e-107	True
Stim8hr	LARS2	ENSG00000011376_Stim8hr	812	9176	274	538	12	1	True	-1.97889	74.63	-10.3119	5.91391e-21	True
Stim8hr	MRPS16	ENSG00000182180_Stim8hr	364	8265	124	240	25	0	False					False
Stim8hr	NARS2	ENSG00000137513_Stim8hr	31	5222	10	21	5	12	True	-3.0282	87.74	-13.586	2.62575e-38	True
Stim8hr	MRPL3	ENSG00000114686_Stim8hr	102	4528	42	60	4	0	False					False
Stim8hr	MRPS35	ENSG00000061794_Stim8hr	354	9400	145	209	0	0	False					False
Stim8hr	MTERF3	ENSG00000156469_Stim8hr	116	10000	30	86	0	0	True	-4.15854	94.4	-11.094	7.01107e-25	True
Stim8hr	MRPL14	ENSG00000180992_Stim8hr	34	10282	10	24	11	0	False					False
Stim8hr	MRPL21	ENSG00000197345_Stim8hr	271	9168	99	172	0	21	False					False
Stim8hr	MRPS26	ENSG00000125901_Stim8hr	128	9618	48	80	24	0	False					False
Stim8hr	ALG13	ENSG00000101901_Stim8hr	185	10282	33	152	0	25	True	-1.30574	59.55	-10.0386	1.15205e-19	True
Stim8hr	CFAP20	ENSG00000070761_Stim8hr	862	8720	393	469	0	0	True	-4.05185	93.97	-11.1833	8.87086e-26	True
Stim8hr	GFM2	ENSG00000164347_Stim8hr	52	1983	20	32	25	25	True	-1.07303	52.47	-7.33066		False
Stim8hr	RNPC3	ENSG00000185946_Stim8hr	103	6382	28	75	25	23	False					False
Stim8hr	PKM	ENSG00000067225_Stim8hr	1840	9809	691	1149	25	0	True	-2.645	84.01	-32.1587	6.81628e-223	True
Stim8hr	GAPDH	ENSG00000111640_Stim8hr	285	10274	40	245	25	25	False					False
Stim8hr	PGK1	ENSG00000102144_Stim8hr	491	9403	142	349	25	25	True	-4.29283	94.9	-7.85982	9.24952e-12	True
Stim8hr	RNASEH1	ENSG00000171865_Stim8hr	11	10281	2	9	0	1	True	-1.551	65.87	-14.7472	3.96968e-45	True
Stim8hr	POLG2	ENSG00000256525_Stim8hr	49	10282	11	38	25	7	True	-1.73169	69.89	-4.75946	0.00919284	True
Stim8hr	MRPS12	ENSG00000128626_Stim8hr	65	7318	19	46	4	1	False					False
Stim8hr	SUPV3L1	ENSG00000156502_Stim8hr	43	10282	20	23	25	2	True	-1.17589	55.74	-8.90705	5.98187e-15	True
Stim8hr	GTF3C3	ENSG00000119041_Stim8hr	159	3594	46	113	25	25	True	-3.49483	91.13	-4.19105	0.00648348	True
Stim8hr	POLR3H	ENSG00000100413_Stim8hr	196	9996	58	138	25	25	True	-1.52767	65.32	-6.12244	9.62732e-07	True
Stim8hr	E4F1	ENSG00000167967_Stim8hr	182	9173	40	142	25	0	False					False
Stim8hr	SETDB1	ENSG00000143379_Stim8hr	1308	10282	489	819	25	0	True	-2.68616	84.46	-33.9027	7.37061e-248	True
Stim8hr	LEO1	ENSG00000166477_Stim8hr	2663	9399	1255	1408	25	5	True	-3.10314	88.36	-13.3113	1.93467e-36	True
Stim8hr	SKIC8	ENSG00000140395_Stim8hr	1534	7544	761	773	25	19	True	-4.64835	96.01	-5.57708	3.60278e-06	True
Stim8hr	ELP5	ENSG00000170291_Stim8hr	570	10010	205	365	0	25	True	-3.2247	89.3	-17.2004	2.7598e-62	True
Stim8hr	MRPS6	ENSG00000243927_Stim8hr	17	8718	3	14	0	25	False					False
Stim8hr	UBE2I	ENSG00000103275_Stim8hr	729	9999	252	477	25	25	True	-2.57236	83.19	-21.6731	3.84989e-100	True
Stim8hr	TSEN2	ENSG00000154743_Stim8hr	562	10271	114	448	15	25	False					False
Stim8hr	DDX1	ENSG00000079785_Stim8hr	819	10161	247	572	25	25	True	-2.68366	84.44	-10.7468	3.64598e-24	True
Stim8hr	RTRAF	ENSG00000087302_Stim8hr	2286	10002	917	1369	25	17	True	-3.45665	90.89	-12.8322	4.35204e-35	True
Stim8hr	ADAT3	ENSG00000213638_Stim8hr	598	7797	276	322	25	25	False					False
Stim8hr	METTL1	ENSG00000037897_Stim8hr	1046	9395	381	665	25	25	True	-3.53041	91.35	-11.6338	1.41988e-28	True
Stim8hr	SSB	ENSG00000138385_Stim8hr	1251	9995	484	767	25	25	False					False
Stim8hr	ADAT2	ENSG00000189007_Stim8hr	527	9817	175	352	17	25	True	-3.73397	92.48	-14.0489	7.9897e-41	True
Stim8hr	ELAC2	ENSG00000006744_Stim8hr	412	10267	52	360	25	25	True	-3.56118	91.53	-5.50482	6.61656e-06	True
Stim8hr	FAM98B	ENSG00000171262_Stim8hr	904	8953	489	415	25	25	True	-3.96536	93.6	-20.9445	1.94818e-93	True
Stim8hr	PUS3	ENSG00000110060_Stim8hr	64	10282	12	52	3	25	True	-2.77545	85.39	-16.85	1.24823e-59	True
Stim8hr	TRMT6	ENSG00000089195_Stim8hr	106	10282	40	66	6	25	True	-0.922125	47.23	-6.29708	2.88599e-07	True
Stim8hr	FARSA	ENSG00000179115_Stim8hr	160	10282	22	138	25	25	False					False
Stim8hr	LAGE3	ENSG00000196976_Stim8hr	187	10282	40	147	11	25	True	-1.90294	73.26	-7.99444	1.30495e-12	True
Stim8hr	ALDH18A1	ENSG00000059573_Stim8hr	174	10282	47	127	25	25	True	-1.19768	56.4	-13.4035	6.44323e-37	True
Stim8hr	MARS1	ENSG00000166986_Stim8hr	200	10281	39	161	25	25	True	-1.65536	68.25	-3.01636	0.120614	False
Stim8hr	TRMT61A	ENSG00000166166_Stim8hr	240	10276	39	201	18	25	True	-1.35221	60.83	-7.61507	1.02974e-11	True
Stim8hr	ELP3	ENSG00000134014_Stim8hr	995	9615	534	461	6	25	True	-2.50757	82.41	-12.3328	6.01544e-31	True
Stim8hr	CTU2	ENSG00000174177_Stim8hr	761	9170	404	357	14	25	True	-2.26246	79.16	-19.1857	4.62257e-78	True
Stim8hr	ELP1	ENSG00000070061_Stim8hr	827	9397	398	429	25	25	True	-4.31996	94.99	-6.25032	1.73246e-07	True
Stim8hr	URM1	ENSG00000167118_Stim8hr	437	9396	224	213	7	25	True	-2.50852	82.43	-12.2303	2.08289e-30	True
Stim8hr	CTU1	ENSG00000142544_Stim8hr	296	7791	113	184	0	25	True	-2.77949	85.44	-2.77918		True
Stim8hr	MOCS3	ENSG00000124217_Stim8hr	144	7084	56	88	11	25	True	-3.71674	92.39	-5.74172	6.87333e-06	True
Stim8hr	MRPS18C	ENSG00000163319_Stim8hr	63	1286	23	40	1	25	False					False
Stim8hr	COQ5	ENSG00000110871_Stim8hr	38	2677	17	22	4	25	True	-1.83098	71.89	-8.37632		True
Stim8hr	MRPL17	ENSG00000158042_Stim8hr	32	10272	7	25	3	0	False					False
Stim8hr	IGHMBP2	ENSG00000132740_Stim8hr	83	10272	32	51	2	9	False					False
Stim8hr	MRPL27	ENSG00000108826_Stim8hr	7	10282	6	1	14	0	False					False
Stim8hr	RAVER2	ENSG00000162437_Stim8hr	17	10282	2	15	0	0	True	-1.99325	74.88	-1.78564	0.730813	False
Stim8hr	SARS2	ENSG00000104835_Stim8hr	416	7548	268	148	25	9	True	-2.7016	84.63	-6.46465	3.96588e-07	True
Stim8hr	PUM1	ENSG00000134644_Stim8hr	226	6385	109	117	0	0	True	-3.15179	88.75	-21.7868	2.04969e-101	True
Stim8hr	ZCCHC24	ENSG00000165424_Stim8hr	31	4755	14	18	5	11	True	-2.81449	85.78	-3.34646		True
Stim8hr	TRIP12	ENSG00000153827_Stim8hr	1829	10271	868	961	10	0	True	-2.52652	82.64	-41.7513	0.0	True
Stim8hr	DIS3	ENSG00000083520_Stim8hr	386	9172	189	197	25	0	True	-0.856953	44.79	-3.63621	0.018238	True
Stim8hr	RYR2	ENSG00000198626_Stim8hr	11	10282	11	0	25	0	False					False
Stim8hr	PA2G4	ENSG00000170515_Stim8hr	27	2908	15	12	25	0	True	-2.86634	86.29	-18.7384	7.27043e-75	True
Stim8hr	TPT1	ENSG00000133112_Stim8hr	931	8253	529	402	25	25	False					False
Stim8hr	SLC7A5	ENSG00000103257_Stim8hr	8	10282	2	6	0	12	True	-1.1386	54.58	-12.8852	6.74617e-34	True
Stim8hr	C2CD3	ENSG00000168014_Stim8hr	7	10282	2	5	0	0	True	-1.83792	72.03	-6.94834	2.2871e-08	True
Stim8hr	KRI1	ENSG00000129347_Stim8hr	42	4056	11	31	0	25	True	-1.41891	62.6	-5.19906	0.000843677	True
Stim8hr	EDF1	ENSG00000107223_Stim8hr	10	10281	0	10	0	8	True	-3.53453	91.37	-36.1238	1.16431e-281	True
Stim8hr	PAK2	ENSG00000180370_Stim8hr	97	8489	51	46	0	1	True	-3.00284	87.52	-27.3449	1.08868e-160	True
Stim8hr	CTNNB1	ENSG00000168036_Stim8hr	23	9611	16	7	25	8	True	-0.860576	44.93	-4.30425	0.0238575	True
Stim8hr	SERBP1	ENSG00000142864_Stim8hr	31	5690	12	19	25	0	True	-0.522972	30.41	-7.92319	1.36467e-11	True
Stim8hr	PRPF38B	ENSG00000134186_Stim8hr	133	4527	73	60	25	25	True	-1.81935	71.67	-8.86308	3.65598e-15	True
Stim8hr	WBP11	ENSG00000084463_Stim8hr	11	10281	5	6	3	4	True	-0.365073	22.36	-2.15467	0.753378	False
Stim8hr	ZNF574	ENSG00000105732_Stim8hr	87	8259	28	59	25	0	True	-1.38844	61.8	-2.84494	0.193428	False
Stim8hr	RRP9	ENSG00000114767_Stim8hr	28	2446	16	12	25	12	True	-0.394079	23.9	-1.64838	0.551073	False
Stim8hr	NOL7	ENSG00000225921_Stim8hr	109	4760	40	69	25	25	True	-0.487724	28.69	-3.26206	0.0617856	True
Stim8hr	NUFIP1	ENSG00000083635_Stim8hr	54	2210	21	33	25	25	False					False
Stim8hr	STRAP	ENSG00000023734_Stim8hr	1215	9610	426	789	25	12	True	-2.74729	85.11	-18.621	2.16404e-73	True
Stim8hr	XRN1	ENSG00000114127_Stim8hr	447	10156	68	379	25	0	True	-1.42419	62.74	-10.556	1.6982e-22	True
Stim8hr	LSM14A	ENSG00000257103_Stim8hr	21	4994	9	12	23	0	True	-2.76367	85.28	-14.9702	5.95593e-47	True
Stim8hr	EDC4	ENSG00000038358_Stim8hr	23	10281	0	23	0	5	True	-0.586188	33.39	-8.02812	1.22454e-11	True
Stim8hr	SREK1IP1	ENSG00000153006_Stim8hr	59	5228	32	27	6	3	True	-1.25764	58.18	-13.4172	1.29898e-37	True
Stim8hr	NOP9	ENSG00000196943_Stim8hr	21	3364	10	12	25	2	True	-1.13665	54.52	-2.82256		True
Stim8hr	BTN3A3	ENSG00000111801_Stim8hr	16	10282	4	12	13	25	True	-4.10972	94.21	-8.88491	3.96002e-15	True
Stim8hr	GEMIN6	ENSG00000152147_Stim8hr	9	10281	2	7	0	0	True	-1.95336	74.18	-5.31802	0.00129714	True
Stim8hr	MRPL32	ENSG00000106591_Stim8hr	6	10282	3	3	18	0	False					False
Stim8hr	EEF1E1	ENSG00000124802_Stim8hr	30	10282	8	22	25	25	True	-3.10063	88.34	-16.0576	6.01288e-54	True
Stim8hr	PELO	ENSG00000152684_Stim8hr	42	9174	7	35	25	25	True	-2.34221	80.28	-7.55851	3.87094e-10	True
Stim8hr	MRPS18B	ENSG00000204568_Stim8hr	804	10282	230	574	0	0	False					False
Stim8hr	RBM12	ENSG00000244462_Stim8hr	449	10282	156	293	2	15	True	-1.39851	62.07	-9.24378	5.43518e-17	True
Stim8hr	BCLAF1	ENSG00000029363_Stim8hr	106	5921	42	64	9	0	True	-2.2903	79.56	-14.7395	2.20529e-45	True
Stim8hr	DNAAF2	ENSG00000165506_Stim8hr	200	9612	78	122	25	0	True	-2.8023	85.66	-5.80637	1.06092e-05	True
Stim8hr	PRMT3	ENSG00000185238_Stim8hr	6	10282	3	3	0	1	True	-3.41528	90.63	-17.3793	1.46626e-63	True
Stim8hr	FRA10AC1	ENSG00000148690_Stim8hr	11	9619	3	8	0	3	True	-3.22983	89.34	-9.40888	5.0043e-17	True
Stim8hr	SARNP	ENSG00000205323_Stim8hr	61	8949	17	44	22	0	True	-1.27447	58.66	-14.8483	3.30089e-46	True
Stim8hr	MTHFD1	ENSG00000100714_Stim8hr	91	4523	29	62	25	8	True	-3.56892	91.57	-11.5031	5.9753e-27	True
Stim8hr	DCPS	ENSG00000110063_Stim8hr	317	10002	83	234	25	1	True	-3.62972	91.92	-2.84027	0.123034	False
Stim8hr	ZCCHC8	ENSG00000033030_Stim8hr	118	10282	14	104	12	1	True	-2.32143	79.99	-7.1198	1.48548e-09	True
Stim8hr	CPSF6	ENSG00000111605_Stim8hr	2486	10274	893	1593	25	2	True	-1.61497	67.35	-9.64275	3.03585e-19	True
Stim8hr	IRF8	ENSG00000140968_Stim8hr	87	8954	16	71	0	25	True	-3.76134	92.63	-12.2124	2.4693e-30	True
Stim8hr	KYAT3	ENSG00000137944_Stim8hr	25	10273	2	23	0	25	True	-3.77388	92.69	-10.4818	5.72672e-22	True
Stim8hr	ABT1	ENSG00000146109_Stim8hr	53	2909	18	35	25	2	False					False
Stim8hr	PDCD4	ENSG00000150593_Stim8hr	6	10282	4	2	0	0	True	-3.22502	89.31	-12.432	2.16677e-31	True
Stim8hr	CMTR2	ENSG00000180917_Stim8hr	673	9172	231	442	25	25	True	-3.18852	89.03	-3.31856	0.0228324	True
Stim8hr	KHDRBS1	ENSG00000121774_Stim8hr	935	9615	405	530	25	23	True	-1.10556	53.53	-8.9448	1.23894e-15	True
Stim8hr	TXNL4B	ENSG00000140830_Stim8hr	966	6849	526	440	25	25	True	-2.53387	82.73	-5.76395	7.28103e-06	True
Stim8hr	IWS1	ENSG00000163166_Stim8hr	681	7325	349	332	25	0	True	-3.24359	89.44	-15.4389	6.79181e-50	True
Stim8hr	ALKBH2	ENSG00000189046_Stim8hr	106	10282	32	74	16	8	True	-2.94872	87.05	-7.4482	5.73678e-10	True
Stim8hr	DYNLL1	ENSG00000088986_Stim8hr	32	10282	23	9	25	9	True	-2.94704	87.03	-3.94035	0.0732464	True
Stim8hr	CNOT9	ENSG00000144580_Stim8hr	250	10274	58	192	25	25	True	-1.30505	59.53	-10.4552	1.51687e-21	True
Stim8hr	DCP2	ENSG00000172795_Stim8hr	931	9167	225	706	25	25	True	-5.16184	97.21	-6.26467	9.08735e-08	True
Stim8hr	HUWE1	ENSG00000086758_Stim8hr	8	10282	1	7	0	0	True	-1.01641	50.57	-8.33818	9.33674e-13	True
Stim8hr	RBM27	ENSG00000091009_Stim8hr	725	9176	346	379	25	1	True	-2.20352	78.29	-13.4574	2.64519e-37	True
Stim8hr	MDM4	ENSG00000198625_Stim8hr	38	5228	21	17	25	25	True	-3.13066	88.58	-13.9349	2.10629e-40	True
Stim8hr	UBC	ENSG00000150991_Stim8hr	372	9998	143	229	25	0	True	-1.05698	51.94	-5.81637	1.2568e-05	True
Stim8hr	EIF3L	ENSG00000100129_Stim8hr	197	6144	66	131	25	2	True	-1.25092	57.98	-14.0365	5.93381e-41	True
Stim8hr	PPIH	ENSG00000171960_Stim8hr	876	8260	489	387	18	0	True	-4.38346	95.21	-4.97287	0.000122488	True
Stim8hr	TDRD3	ENSG00000083544_Stim8hr	22	1288	12	11	0	25	True	-3.874	93.18	-10.3684		True
Stim8hr	KTN1	ENSG00000126777_Stim8hr	107	7786	57	50	25	25	True	-1.42462	62.75	-15.9907	1.19524e-53	True
Stim8hr	YRDC	ENSG00000196449_Stim8hr	22	10273	8	14	22	25	True	-0.366873	22.45	-4.24123	0.0242357	True
Stim8hr	ZFC3H1	ENSG00000133858_Stim8hr	590	9818	114	476	19	0	True	-2.8357	85.99	-9.93536	1.3565e-20	True
Stim8hr	WDR83	ENSG00000123154_Stim8hr	23	10282	11	12	4	25	True	-1.26436	58.37	-5.79396	2.83503e-05	True
Stim8hr	ZRSR2	ENSG00000169249_Stim8hr	423	7321	205	218	0	2	True	-2.11193	76.87	-6.01588	1.93655e-06	True
Stim8hr	CCAR1	ENSG00000060339_Stim8hr	105	3140	40	66	25	0	True	-1.84927	72.25	-2.85544		True
Stim8hr	ZC3HC1	ENSG00000091732_Stim8hr	24	7087	9	15	2	16	True	-1.01177	50.41	-5.80453	2.36789e-05	True
Stim8hr	DCP1A	ENSG00000272886_Stim8hr	21	10275	4	17	0	2	True	-3.96666	93.6	-22.654	1.39378e-109	True
Stim8hr	METTL3	ENSG00000165819_Stim8hr	131	9406	16	115	4	1	True	-1.3428	60.57	-5.96775	3.9045e-06	True
Stim8hr	HNRNPA1	ENSG00000135486_Stim8hr	1058	10002	591	467	5	2	False					False
Stim8hr	PRKDC	ENSG00000253729_Stim8hr	39	4526	24	15	6	5	True	-2.46031	81.83	-12.3597	2.02648e-31	True
Stim8hr	SETD7	ENSG00000145391_Stim8hr	16	8718	7	9	23	25	True	-3.93131	93.45	-5.10588	0.000988879	True
Stim8hr	SPAG7	ENSG00000091640_Stim8hr	60	10159	13	47	9	9	True	-4.0263	93.86	-26.2202	1.66952e-147	True
Stim8hr	GRWD1	ENSG00000105447_Stim8hr	354	8719	85	269	25	25	False					False
Stim8hr	NAF1	ENSG00000145414_Stim8hr	378	9395	124	254	25	25	True	-2.34127	80.27	-4.84758	0.000607712	True
Stim8hr	DNAJC2	ENSG00000105821_Stim8hr	761	7554	328	433	25	25	True	-2.54265	82.84	-7.19596	8.0816e-10	True
Stim8hr	RIDA	ENSG00000132541_Stim8hr	372	4992	168	205	25	25	True	-3.64165	91.99	-4.18043		True
Stim8hr	DUSP12	ENSG00000081721_Stim8hr	971	9170	354	617	25	25	True	-4.06978	94.05	-6.29681	1.4013e-07	True
Stim8hr	POP4	ENSG00000105171_Stim8hr	337	9613	96	241	25	25	False					False
Stim8hr	C1D	ENSG00000197223_Stim8hr	959	9610	277	682	25	0	True	-2.5983	83.49	-11.4885	2.50488e-27	True
Stim8hr	EXOSC10	ENSG00000171824_Stim8hr	284	10159	45	239	25	25	True	-2.62968	83.84	-3.15285	0.0730827	True
Stim8hr	EIF4G1	ENSG00000114867_Stim8hr	1678	9614	560	1118	25	25	True	-2.32105	79.99	-10.1162	4.66989e-21	True
Stim8hr	UBR5	ENSG00000104517_Stim8hr	1705	9813	678	1027	25	25	True	-2.81243	85.76	-25.8828	1.0618e-143	True
Stim8hr	ZC3H7A	ENSG00000122299_Stim8hr	8	10281	0	8	0	5	True	-2.13372	77.21	-8.99433	2.94086e-15	True
Stim8hr	SUMO2	ENSG00000188612_Stim8hr	29	7789	10	19	7	0	True	-0.367536	22.49	-5.75416	1.00209e-05	True
Stim8hr	THRAP3	ENSG00000054118_Stim8hr	835	8946	331	504	25	1	True	-2.19842	78.21	-18.7045	4.2058e-74	True
Stim8hr	C2orf15	ENSG00000273045_Stim8hr	14	10282	4	10	1	1	True	-0.605279	34.27	-0.554774	0.999998	False
Stim8hr	ASXL1	ENSG00000171456_Stim8hr	41	6850	31	10	0	0	True	-2.66512	84.23	-37.508	4.83382e-304	True
Stim8hr	CCDC59	ENSG00000133773_Stim8hr	73	2679	39	34	25	25	True	-0.979471	49.28	-8.27643	3.52706e-13	True
Stim8hr	SRRM1	ENSG00000133226_Stim8hr	32	9808	3	29	2	11	True	-0.245689	15.66	-2.91346	0.278476	False
Stim8hr	USP36	ENSG00000055483_Stim8hr	97	3829	32	65	19	25	True	-0.77577	41.59	-3.4019	0.0483692	True
Stim8hr	EIF4A2	ENSG00000156976_Stim8hr	138	4759	40	98	16	25	True	-3.89847	93.29	-8.05079	4.06114e-12	True
Stim8hr	PARP3	ENSG00000041880_Stim8hr	105	3833	38	67	7	0	True	-2.74836	85.12	-2.5168		False
Stim8hr	NOC2L	ENSG00000188976_Stim8hr	194	3826	54	140	25	25	False					False
Stim8hr	ZFP36L2	ENSG00000152518_Stim8hr	92	3827	31	61	25	25	True	-1.63946	67.9	-9.0669	4.86762e-16	True
Stim8hr	GEMIN7	ENSG00000142252_Stim8hr	116	2443	47	69	25	25	True	-2.25334	79.03	-5.93701	7.36128e-06	True
Stim8hr	NIP7	ENSG00000132603_Stim8hr	79	1753	34	45	25	25	True	-0.361474	22.16	-1.92603	0.342885	False
Stim8hr	METAP2	ENSG00000111142_Stim8hr	375	6152	185	190	23	0	True	-1.95937	74.29	-19.6255	5.9726e-82	True
Stim8hr	TPI1	ENSG00000111669_Stim8hr	198	5920	80	118	25	0	False					False
Stim8hr	PARP2	ENSG00000129484_Stim8hr	176	10279	56	120	4	25	True	-1.57817	66.51	-3.74704	0.0227641	True
Stim8hr	EIF5A	ENSG00000132507_Stim8hr	725	6615	312	413	25	25	False					False
Stim8hr	SHQ1	ENSG00000144736_Stim8hr	230	8952	92	138	25	2	True	-1.42534	62.77	-4.46377	0.00438375	True
Stim8hr	GRSF1	ENSG00000132463_Stim8hr	21	1062	9	12	6	25	True	-3.77908	92.72	-42.3102	0.0	True
Stim8hr	OVCA2	ENSG00000262664_Stim8hr	9	10282	2	7	7	1	False					False
Stim8hr	RPRD2	ENSG00000163125_Stim8hr	1822	10158	790	1032	15	18	True	-3.86219	93.12	-16.7282	4.36571e-59	True
Stim8hr	G3BP1	ENSG00000145907_Stim8hr	182	4062	93	89	25	25	False					False
Stim8hr	PCYT2	ENSG00000185813_Stim8hr	723	9996	244	479	1	2	True	-2.94788	87.04	-8.50465	1.90245e-13	True
Stim8hr	GSTCD	ENSG00000138780_Stim8hr	132	10282	32	100	15	0	True	-2.055	75.94	-13.3811	9.27928e-37	True
Stim8hr	RNF31	ENSG00000092098_Stim8hr	129	6146	20	109	25	25	True	-1.31059	59.68	-2.8532	0.149838	False
Stim8hr	ATP5F1C	ENSG00000165629_Stim8hr	34	2678	11	23	25	5	True	-0.745105	40.34	-2.6665	0.210811	False
Stim8hr	CTNNBL1	ENSG00000132792_Stim8hr	73	10282	8	65	25	0	True	-0.805917	42.8	-2.66072	0.296978	False
Stim8hr	MRPL50	ENSG00000136897_Stim8hr	12	10282	2	10	0	2	False					False
Stim8hr	TNRC6A	ENSG00000090905_Stim8hr	44	10000	17	27	3	15	True	-3.04428	87.88	-9.85446	6.85264e-19	True
Stim8hr	N6AMT1	ENSG00000156239_Stim8hr	269	8258	105	164	0	23	True	-4.53631	95.69	-3.82752	0.0157824	True
Stim8hr	RPL26L1	ENSG00000037241_Stim8hr	19	9997	3	16	1	7	False					False
Stim8hr	PITRM1	ENSG00000107959_Stim8hr	16	10282	0	16	0	25	True	-4.58234	95.83	-15.2936	1.04358e-48	True
Stim8hr	AIFM1	ENSG00000156709_Stim8hr	57	10282	5	52	2	25	True	-2.21282	78.43	-11.6334	3.31505e-27	True
Stim8hr	THG1L	ENSG00000113272_Stim8hr	185	10269	18	167	0	25	True	-2.93503	86.92	-4.53189	0.00133031	True
Stim8hr	GARS1	ENSG00000106105_Stim8hr	47	10282	4	43	25	25	True	-1.12674	54.21	-4.21911	0.0091923	True
Stim8hr	WARS1	ENSG00000140105_Stim8hr	159	10269	19	140	0	25	True	-2.23491	78.76	-22.0846	4.86031e-104	True
Stim8hr	SEC61B	ENSG00000106803_Stim8hr	810	10157	285	525	25	25	True	-3.82811	92.96	-7.87907	1.67341e-12	True
Stim8hr	USO1	ENSG00000138768_Stim8hr	1381	9615	427	954	25	25	True	-3.75883	92.61	-9.67232	1.79216e-19	True
Stim8hr	POC1B	ENSG00000139323_Stim8hr	28	7789	8	20	20	0	True	-1.90181	73.24	-6.29659	2.45119e-06	True
Stim8hr	SWT1	ENSG00000116668_Stim8hr	6	10282	2	4	0	0	True	-1.08273	52.79	-2.18195	0.976413	False
Stim8hr	KGD4	ENSG00000134056_Stim8hr	17	10282	0	17	0	25	False					False
Stim8hr	TIPARP	ENSG00000163659_Stim8hr	18	10282	6	12	0	0	True	-1.70342	69.29	-5.60206	4.73191e-05	True
Stim8hr	GPBP1L1	ENSG00000159592_Stim8hr	7	10282	7	0	4	0	True	-2.94814	87.04	-28.4181	1.49661e-173	True
Stim8hr	TTC14	ENSG00000163728_Stim8hr	32	3827	15	17	21	0	True	-1.40851	62.33	-9.46072	1.21533e-17	True
Stim8hr	RRAGA	ENSG00000155876_Stim8hr	357	8950	127	230	25	18	True	-4.01136	93.8	-9.1759	4.14353e-16	True
Stim8hr	NUSAP1	ENSG00000137804_Stim8hr	9	10282	1	8	0	25	True	-2.15808	77.59	-11.1625	7.69349e-25	True
Stim8hr	PSIP1	ENSG00000164985_Stim8hr	262	10282	54	208	4	25	True	-2.28938	79.54	-10.0702	8.35263e-20	True
Stim8hr	EXO1	ENSG00000174371_Stim8hr	16	10282	0	16	0	25	True	-1.47977	64.15	-3.81385	0.0977029	True
Stim8hr	PABPC4	ENSG00000090621_Stim8hr	23	9401	3	20	12	0	True	-1.40945	62.35	-3.75888	0.0788834	True
Stim8hr	GPATCH8	ENSG00000186566_Stim8hr	177	9175	82	95	0	0	True	-2.99433	87.45	-13.1532	1.54874e-35	True
Stim8hr	MATR3	ENSG00000015479_Stim8hr	45	7325	29	16	6	25	False					False
Stim8hr	SBNO1	ENSG00000139697_Stim8hr	121	10002	37	84	8	25	True	-1.15186	55.0	-6.46628	3.49957e-07	True
Stim8hr	CSTF2	ENSG00000101811_Stim8hr	9	10281	4	5	0	3	True	-3.38631	90.44	-5.49196	0.000151196	True
Stim8hr	POLR2L	ENSG00000177700_Stim8hr	11	7782	3	8	8	25	True	-1.43806	63.09	-5.96949	9.57805e-06	True
Stim8hr	VBP1	ENSG00000155959_Stim8hr	13	9812	1	12	0	9	True	-4.14951	94.37	-16.3422	5.04942e-56	True
Stim8hr	YLPM1	ENSG00000119596_Stim8hr	26	6150	5	21	4	6	False					False
Stim8hr	PPP1CB	ENSG00000213639_Stim8hr	8	10282	0	8	0	14	True	-1.05392	51.83	-14.2945	2.92697e-42	True
Stim8hr	PQBP1	ENSG00000102103_Stim8hr	84	6386	33	51	14	0	True	-2.09066	76.52	-13.4129	3.36302e-37	True
Stim8hr	METTL2B	ENSG00000165055_Stim8hr	47	9406	18	29	25	4	False					False
Stim8hr	ZNF829	ENSG00000185869_Stim8hr	115	10282	15	100	11	0	True	-3.3238	90.01	-5.52444	3.14366e-05	True
Stim8hr	PSMD4	ENSG00000159352_Stim8hr	62	10282	13	49	25	0	True	-0.419446	25.23	-2.39183	0.497369	False
Stim8hr	TRIM14	ENSG00000106785_Stim8hr	11	10282	5	6	16	4	True	-1.85019	72.26	-9.57307	1.28314e-17	True
Stim8hr	FEN1	ENSG00000168496_Stim8hr	32	10270	5	27	3	25	True	-1.69672	69.15	-11.6926	1.51938e-27	True
Stim8hr	LUC7L3	ENSG00000108848_Stim8hr	120	10274	12	108	25	0	True	-2.38197	80.82	-5.92637	6.77326e-06	True
Stim8hr	ZCRB1	ENSG00000139168_Stim8hr	125	10282	21	104	25	25	True	-1.03681	51.26	-4.94461	0.000458256	True
Stim8hr	RBM10	ENSG00000182872_Stim8hr	509	8258	193	316	3	0	True	-3.48847	91.09	-19.267	8.68288e-79	True
Stim8hr	CS	ENSG00000062485_Stim8hr	6	10282	1	5	0	0	True	-2.29587	79.64	-2.82226	0.62035	False
Stim8hr	CARM1	ENSG00000142453_Stim8hr	202	9396	69	133	0	0	True	-3.70045	92.31	-26.2596	5.40396e-148	True
Stim8hr	ZNF706	ENSG00000120963_Stim8hr	6	10282	4	2	0	0	True	-1.75676	70.41	-21.8105	2.28391e-101	True
Stim8hr	DIS3L	ENSG00000166938_Stim8hr	269	9397	77	192	25	0	True	-4.00423	93.77	-10.7031	9.57369e-23	True
Stim8hr	ZC3H10	ENSG00000135482_Stim8hr	322	9995	82	240	25	0	True	-3.75663	92.6	-11.3715	6.05525e-26	True
Stim8hr	ZC3H3	ENSG00000014164_Stim8hr	230	9817	33	197	25	0	True	-1.76884	70.66	-6.5185	3.62649e-08	True
Stim8hr	PTBP1	ENSG00000011304_Stim8hr	214	9817	62	152	25	3	True	-1.61116	67.27	-10.6156	1.28856e-22	True
Stim8hr	TARDBP	ENSG00000120948_Stim8hr	351	9806	94	257	25	25	False					False
Stim8hr	LSM12	ENSG00000161654_Stim8hr	344	7084	151	193	0	25	True	-3.29976	89.85	-14.5703	3.1845e-44	True
Stim8hr	EIF2AK4	ENSG00000128829_Stim8hr	38	10156	7	31	3	0	True	-4.01143	93.8	-12.1653	5.08435e-30	True
Stim8hr	HNRNPA2B1	ENSG00000122566_Stim8hr	379	8959	183	196	0	10	True	-1.9818	74.68	-44.7081	0.0	True
Stim8hr	CD2BP2	ENSG00000169217_Stim8hr	21	10282	8	13	25	11	True	-1.6145	67.34	-9.69478	3.7754e-18	True
Stim8hr	HNRNPM	ENSG00000099783_Stim8hr	139	10270	44	95	21	0	True	-1.35981	61.04	-9.697	3.39355e-18	True
Stim8hr	DDX31	ENSG00000125485_Stim8hr	38	9402	11	27	25	6	True	-1.64461	68.02	-9.96145	2.18776e-19	True
Stim8hr	THOC6	ENSG00000131652_Stim8hr	197	8015	102	95	1	0	True	-3.63901	91.97	-16.9839	8.95636e-61	True
Stim8hr	ZBTB44	ENSG00000196323_Stim8hr	210	8719	57	153	11	6	True	-3.2037	89.15	-6.94652	1.68688e-08	True
Stim8hr	GCN1	ENSG00000089154_Stim8hr	68	8722	19	49	25	0	True	-3.33527	90.09	-18.3068	6.57852e-71	True
Stim8hr	DDX39B	ENSG00000198563_Stim8hr	24	9810	4	20	0	0	True	-3.21413	89.22	-8.26955	1.37265e-12	True
Stim8hr	PPIL4	ENSG00000131013_Stim8hr	24	10281	3	21	14	2	True	-0.785562	41.99	-1.32703	0.999494	False
Stim8hr	TARBP2	ENSG00000139546_Stim8hr	67	10152	13	54	25	8	True	-2.82284	85.87	-11.4719	9.75043e-27	True
Stim8hr	PPP4R1	ENSG00000154845_Stim8hr	6	10282	0	6	0	17	True	-3.93605	93.47	-11.2994	1.63495e-25	True
Stim8hr	PRMT6	ENSG00000198890_Stim8hr	9	10282	6	3	4	5	True	-2.87877	86.4	-10.2469	1.51238e-20	True
Stim8hr	ARL5B	ENSG00000165997_Stim8hr	59	10005	14	45	0	25	True	-0.863434	45.04	-7.30611	2.87559e-09	True
Stim8hr	XPO4	ENSG00000132953_Stim8hr	20	3827	11	9	1	17	True	-1.57769	66.5	-13.5843	1.97231e-38	True
Stim8hr	CCDC25	ENSG00000147419_Stim8hr	6	10282	0	6	0	15	True	-3.89201	93.26	-10.3871	3.51325e-21	True
Stim8hr	S100A16	ENSG00000188643_Stim8hr	7	10282	4	3	6	1	False					False
Stim8hr	PRRC2C	ENSG00000117523_Stim8hr	38	4994	11	27	0	25	True	-0.906699	46.66	-18.2121	2.141e-70	True
Stim8hr	XPOT	ENSG00000184575_Stim8hr	14	10282	6	8	3	14	True	-3.57074	91.58	-15.8745	1.17663e-52	True
Stim8hr	H4C2	ENSG00000278705_Stim8hr	7	10282	2	5	0	1	True	-1.99895	74.98	-1.35163	0.947319	False
Stim8hr	NANOS1	ENSG00000188613_Stim8hr	26	10281	0	26	0	25	False					False
Stim8hr	KIF1C	ENSG00000129250_Stim8hr	6	10282	2	4	0	0	True	-2.3754	80.73	-17.2833	7.77805e-63	True
Stim8hr	RAB33A	ENSG00000134594_Stim8hr	43	10282	1	42	0	3	True	-3.56182	91.53	-8.49009	1.2029e-13	True
Stim8hr	ZNF579	ENSG00000218891_Stim8hr	16	10272	4	12	2	25	True	-2.1706	77.79	-4.83853	0.00178726	True
Stim8hr	PPRC1	ENSG00000148840_Stim8hr	39	5453	16	23	19	25	True	-0.861062	44.95	-9.90437	2.25172e-19	True
Stim8hr	SLTM	ENSG00000137776_Stim8hr	31	8954	13	18	16	12	True	-1.00221	50.08	-16.0607	4.4559e-54	True
Stim8hr	P4HB	ENSG00000185624_Stim8hr	88	9814	9	79	0	25	True	-3.76055	92.62	-5.63827	1.75394e-05	True
Stim8hr	CDK13	ENSG00000065883_Stim8hr	671	9819	429	242	3	5	True	-2.80115	85.65	-16.7153	1.03604e-58	True
Stim8hr	SMG6	ENSG00000070366_Stim8hr	17	10282	2	15	25	0	True	-1.18572	56.04	-4.1691	0.0472844	True
Stim8hr	CNOT2	ENSG00000111596_Stim8hr	10	10282	0	10	0	13	True	-0.408557	24.66	-4.20683	0.0320484	True
Stim8hr	ZNF865	ENSG00000261221_Stim8hr	6	10282	4	2	1	0	False					False
Stim8hr	REXO1	ENSG00000079313_Stim8hr	8	10282	4	4	0	0	True	-1.41272	62.44	-16.3566	4.82947e-56	True
Stim8hr	NELFE	ENSG00000204356_Stim8hr	19	9401	6	13	3	9	True	-1.35088	60.79	-8.16586	3.10641e-12	True
Stim8hr	EIF4E	ENSG00000151247_Stim8hr	52	8722	42	10	19	2	True	-0.0715653	4.84	-0.931001	0.938941	False
Stim8hr	LSM10	ENSG00000181817_Stim8hr	14	10282	3	11	5	15	True	-1.2323	57.44	-6.04533	9.22416e-06	True
Stim8hr	SBDS	ENSG00000126524_Stim8hr	6	10281	1	5	0	0	True	-2.05338	75.91	-7.16372	9.70886e-09	True
Stim8hr	SRSF6	ENSG00000124193_Stim8hr	52	6612	28	25	11	0	True	-2.29088	79.56	-6.51814		True
Stim8hr	BCL6	ENSG00000113916_Stim8hr	27	4999	5	23	0	11	True	-0.426506	25.59	-1.47901		True
Stim8hr	ZNF883	ENSG00000228623_Stim8hr	22	10272	1	21	0	25	True	-0.646381	36.11	-0.478067	0.999185	False
Stim8hr	RAB2B	ENSG00000129472_Stim8hr	28	10282	7	21	25	1	True	-2.07353	76.24	-11.0099	1.91147e-24	True
Stim8hr	RBM26	ENSG00000139746_Stim8hr	20	6610	11	9	6	4	True	-0.816333	43.21	-7.60385	1.96867e-10	True
Stim8hr	GTF3C5	ENSG00000148308_Stim8hr	238	4996	78	160	19	25	True	-1.87664	72.77	-6.05772	1.78762e-06	True
Stim8hr	ANKRD17	ENSG00000132466_Stim8hr	45	7779	4	41	0	16	True	-0.623076	35.07	-7.36603	1.41433e-09	True
Stim8hr	ZNF131	ENSG00000172262_Stim8hr	78	10282	27	51	25	0	True	-1.19665	56.37	-4.10906	0.0191207	True
Stim8hr	DLD	ENSG00000091140_Stim8hr	105	8254	29	76	25	25	True	-1.52432	65.24	-6.74925	4.61765e-08	True
Stim8hr	KBTBD3	ENSG00000182359_Stim8hr	32	10282	2	30	0	25	True	-1.01269	50.44	-1.40451	0.904981	False
Stim8hr	TBCA	ENSG00000171530_Stim8hr	78	6383	28	50	25	25	False					False
Stim8hr	MFN2	ENSG00000116688_Stim8hr	169	10281	23	146	25	25	True	-0.459471	27.27	-3.12474	0.109804	False
Stim8hr	TP53RK	ENSG00000172315_Stim8hr	77	10282	5	72	8	25	True	-0.871477	45.34	-6.63105	5.15444e-08	True
Stim8hr	MYO18A	ENSG00000196535_Stim8hr	71	10282	8	63	14	25	True	-1.07603	52.57	-5.22924	0.000300828	True
Stim8hr	TIMM50	ENSG00000105197_Stim8hr	33	10275	5	28	3	25	True	-2.49189	82.22	-7.46184	9.32981e-10	True
Stim8hr	EXOSC1	ENSG00000171311_Stim8hr	177	8721	26	151	25	13	True	-2.6673	84.26	-4.12414	0.0080534	True
Stim8hr	UTP25	ENSG00000117597_Stim8hr	172	10282	12	160	25	25	False					False
Stim8hr	ABCB7	ENSG00000131269_Stim8hr	231	10282	20	211	25	25	True	-1.80883	71.46	-2.50165	0.27988	False
Stim8hr	SNRNP40	ENSG00000060688_Stim8hr	158	9613	19	139	25	25	True	-0.762936	41.07	-3.84808	0.0194614	True
Stim8hr	MCTS1	ENSG00000232119_Stim8hr	1360	9405	541	819	25	1	True	-3.15321	88.76	-31.325	2.07565e-211	True
Stim8hr	ATXN10	ENSG00000130638_Stim8hr	1305	10157	365	940	25	0	True	-2.66315	84.21	-8.59755	9.67398e-15	True
Stim8hr	BUD23	ENSG00000071462_Stim8hr	231	10282	23	208	0	25	True	-2.07709	76.3	-4.31002	0.00319899	True
Stim8hr	SCAF11	ENSG00000139218_Stim8hr	31	8487	9	22	6	4	True	-3.16472	88.85	-11.1523	6.12218e-25	True
Stim8hr	CHD4	ENSG00000111642_Stim8hr	1516	10281	531	985	5	25	True	-0.797864	42.48	-7.85496	2.6252e-12	True
Stim8hr	MTA2	ENSG00000149480_Stim8hr	1728	10281	504	1224	25	25	True	-1.72339	69.72	-14.9353	2.16878e-46	True
Stim8hr	SRSF10	ENSG00000188529_Stim8hr	1146	9615	371	775	17	0	True	-2.03177	75.54	-11.3453	3.9013e-26	True
Stim8hr	FANCM	ENSG00000187790_Stim8hr	90	10158	11	79	19	25	True	-1.75052	70.28	-6.68297	2.50381e-07	True
Stim8hr	RPUSD1	ENSG00000007376_Stim8hr	184	10010	50	134	25	8	True	-2.33108	80.13	-7.26462	3.91478e-09	True
Stim8hr	DDX6	ENSG00000110367_Stim8hr	985	9998	231	754	0	25	True	-1.65107	68.16	-16.8346	1.4215e-59	True
Stim8hr	IPO9	ENSG00000198700_Stim8hr	417	9616	102	315	2	0	True	-2.2356	78.77	-7.98767	1.37167e-11	True
Stim8hr	SMARCA5	ENSG00000153147_Stim8hr	1995	9995	924	1071	25	2	True	-2.38469	80.85	-17.3392	2.48474e-63	True
Stim8hr	NELFCD	ENSG00000101158_Stim8hr	1024	7325	435	589	25	25	True	-1.92258	73.62	-11.3489	1.89729e-26	True
Stim8hr	RANBP2	ENSG00000153201_Stim8hr	18	9998	4	14	0	25	False					False
Stim8hr	RPL29	ENSG00000162244_Stim8hr	79	9173	29	50	25	0	False					False
Stim8hr	RNASEH2A	ENSG00000104889_Stim8hr	34	10000	4	30	25	25	True	-2.79809	85.62	-2.43063	0.398438	False
Stim8hr	RTEL1	ENSG00000258366_Stim8hr	93	4525	20	73	25	0	False					False
Stim8hr	OTUB1	ENSG00000167770_Stim8hr	292	6619	101	191	7	25	True	-1.53128	65.4	-14.1027	2.50664e-41	True
Stim8hr	UBE2N	ENSG00000177889_Stim8hr	325	9810	76	249	25	25	True	-2.40378	81.1	-8.9415	3.91846e-15	True
Stim8hr	NOP53	ENSG00000105373_Stim8hr	176	9815	38	138	25	25	True	-0.986142	49.52	-6.8791	6.15138e-08	True
Stim8hr	USP10	ENSG00000103194_Stim8hr	118	3596	50	68	25	25	True	-3.5021	91.17	-19.2183	9.7153e-79	True
Stim8hr	HEXIM1	ENSG00000186834_Stim8hr	247	9175	97	150	0	2	True	-1.67678	68.72	-13.3792	7.59258e-37	True
Stim8hr	NUP42	ENSG00000136243_Stim8hr	10	10282	5	5	0	0	True	-1.65417	68.23	-12.9979	1.5545e-34	True
Stim8hr	METAP1	ENSG00000164024_Stim8hr	26	6618	12	14	2	23	False					False
Stim8hr	LIG4	ENSG00000174405_Stim8hr	105	10154	22	83	23	0	True	-3.15482	88.77	-7.59975	1.58589e-10	True
Stim8hr	NUMA1	ENSG00000137497_Stim8hr	9	10282	7	2	5	0	True	-0.539474	31.2	-6.51834	1.75942e-07	True
Stim8hr	PPP1R8	ENSG00000117751_Stim8hr	6	10281	1	5	0	5	True	-1.01512	50.52	-6.41561	1.73351e-06	True
Stim8hr	ZRANB2	ENSG00000132485_Stim8hr	129	7083	77	52	0	0	True	-2.62406	83.78	-16.8466	8.14888e-60	True
Stim8hr	SECISBP2L	ENSG00000138593_Stim8hr	10	10282	2	8	0	2	True	-2.39355	80.97	-13.0633	6.09262e-35	True
Stim8hr	CCDC9	ENSG00000105321_Stim8hr	12	10282	6	6	2	10	True	-2.90921	86.69	-10.7225	9.29139e-23	True
Stim8hr	OTUD4	ENSG00000164164_Stim8hr	35	8950	18	17	5	2	True	-0.784028	41.93	-7.56309	7.28332e-11	True
Stim8hr	ERCC6L	ENSG00000186871_Stim8hr	75	10282	21	54	20	1	True	-2.1068	76.78	-6.47512	3.60223e-07	True
Stim8hr	WTAP	ENSG00000146457_Stim8hr	12	10282	6	6	1	13	True	-0.425829	25.56	-5.97018	5.98243e-06	True
Stim8hr	C11orf98	ENSG00000278615_Stim8hr	14	9810	4	10	0	25	False					False
Stim8hr	ZNF236	ENSG00000130856_Stim8hr	104	6157	13	91	15	25	True	-0.199648	12.92	-1.22476	0.740865	False
Stim8hr	APEX2	ENSG00000169188_Stim8hr	19	10282	2	17	0	1	True	-2.21352	78.44	-17.8069	6.98356e-67	True
Stim8hr	CHD2	ENSG00000173575_Stim8hr	28	2209	16	13	1	25	True	-1.65297	68.2	-9.50386		True
Stim8hr	CNBP	ENSG00000169714_Stim8hr	261	6390	116	145	0	0	True	-1.92372	73.64	-42.2061	0.0	True
Stim8hr	PRPF39	ENSG00000185246_Stim8hr	325	7549	151	174	25	25	True	-0.942501	47.97	-11.7412	6.12207e-28	True
Stim8hr	RBM5	ENSG00000003756_Stim8hr	167	9619	91	76	8	0	True	-3.12131	88.51	-15.7101	1.28823e-51	True
Stim8hr	YTHDF2	ENSG00000198492_Stim8hr	1483	9623	589	894	18	0	True	-2.10003	76.67	-27.674	1.43254e-164	True
Stim8hr	MANF	ENSG00000145050_Stim8hr	14	5462	2	12	0	25	True	-3.69752	92.29	-24.6681	1.33358e-130	True
Stim8hr	PDIA6	ENSG00000143870_Stim8hr	150	10158	19	131	25	25	True	-1.87371	72.71	-22.5446	8.10516e-109	True
Stim8hr	SOCS3	ENSG00000184557_Stim8hr	161	10276	50	111	23	8	True	-3.19458	89.08	-6.44076	1.85719e-07	True
Stim8hr	SUCLG1	ENSG00000163541_Stim8hr	109	8015	48	61	4	25	True	-4.21959	94.63	-21.8462	6.99504e-102	True
Stim8hr	RBM18	ENSG00000119446_Stim8hr	31	10282	7	24	16	0	True	-1.92301	73.63	-10.2854	5.07394e-21	True
Stim8hr	SNUPN	ENSG00000169371_Stim8hr	64	10282	11	53	18	0	True	-3.904	93.32	-8.09229	3.27195e-12	True
Stim8hr	CMTR1	ENSG00000137200_Stim8hr	194	8020	56	138	16	0	True	-1.58991	66.78	-9.43609	3.20889e-17	True
Stim8hr	TPR	ENSG00000047410_Stim8hr	7	10282	1	6	0	3	True	-0.439736	26.27	-2.96038	0.414276	False
Stim8hr	WRN	ENSG00000165392_Stim8hr	30	10282	5	25	0	25	True	-2.10124	76.69	-23.8104	2.97334e-121	True
Stim8hr	AK3	ENSG00000147853_Stim8hr	212	10281	35	177	6	0	True	-3.983	93.68	-11.5632	7.07796e-27	True
Stim8hr	SMAD3	ENSG00000166949_Stim8hr	470	10282	141	329	0	0	True	-0.380558	23.19	-3.30544	0.0413935	True
Stim8hr	ALKBH5	ENSG00000091542_Stim8hr	7	10282	0	7	0	24	True	-3.61534	91.84	-30.5644	4.49707e-201	True
Stim8hr	MYG1	ENSG00000139637_Stim8hr	17	10282	0	17	0	25	True	-0.983024	49.41	-13.7642	5.07787e-39	True
Stim8hr	CAPN15	ENSG00000103326_Stim8hr	11	10282	0	11	0	25	True	-3.2778	89.69	-12.2226	2.91051e-30	True
Stim8hr	PDHB	ENSG00000168291_Stim8hr	7	10282	1	6	0	0	True	-2.74566	85.09	-17.2421	1.58818e-62	True
Stim8hr	PRDX5	ENSG00000126432_Stim8hr	6	10282	3	3	0	1	True	-4.10371	94.18	-13.8845	9.72662e-40	True
Stim8hr	SLC29A1	ENSG00000112759_Stim8hr	6	10281	4	2	0	0	True	-4.53045	95.67	-17.3784	1.48656e-63	True
Stim8hr	COIL	ENSG00000121058_Stim8hr	8	10282	6	2	3	2	True	-2.72223	84.85	-15.9483	3.62276e-53	True
Stim8hr	MKI67	ENSG00000148773_Stim8hr	7	10282	4	3	0	1	True	-1.38747	61.78	-6.71063	1.19797e-07	True
Stim8hr	EIF4B	ENSG00000063046_Stim8hr	53	10003	12	41	6	25	True	-0.713079	39.0	-10.9136	1.03767e-23	True
Stim8hr	FUBP1	ENSG00000162613_Stim8hr	1192	8952	548	644	25	0	True	-2.69733	84.58	-29.1613	5.56068e-183	True
Stim8hr	TRIM25	ENSG00000121060_Stim8hr	49	10005	34	15	8	0	True	-3.79137	92.78	-21.3236	7.17527e-97	True
Stim8hr	METTL14	ENSG00000145388_Stim8hr	40	10004	3	37	0	1	True	-2.01831	75.32	-3.12212	0.163344	False
Stim8hr	RBM15	ENSG00000162775_Stim8hr	17	5225	4	13	0	16	True	-0.816018	43.2	-8.48526	1.16572e-13	True
Stim8hr	DDX17	ENSG00000100201_Stim8hr	762	8957	392	370	25	0	True	-2.19995	78.24	-24.8251	4.44811e-132	True
Stim8hr	DEK	ENSG00000124795_Stim8hr	45	10282	10	35	6	25	True	-1.75642	70.4	-18.9336	7.46432e-76	True
Stim8hr	EEF1G	ENSG00000254772_Stim8hr	38	10282	1	37	0	25	True	-0.616796	34.79	-5.37413	7.32138e-05	True
Stim8hr	POP7	ENSG00000172336_Stim8hr	83	10269	8	75	25	25	True	-0.708332	38.8	-1.88185	0.70945	False
Stim8hr	ZNF622	ENSG00000173545_Stim8hr	21	8722	7	14	25	0	True	-2.21984	78.53	-11.9148	8.93594e-29	True
Stim8hr	SUGP1	ENSG00000105705_Stim8hr	106	7548	55	51	0	25	True	-1.69875	69.19	-6.50148	3.10617e-07	True
Stim8hr	ZNF200	ENSG00000010539_Stim8hr	53	10282	2	51	0	0	True	-3.32243	90.0	-11.4872	1.89187e-26	True
Stim8hr	HSPA8	ENSG00000109971_Stim8hr	59	7783	12	47	3	25	True	-0.964241	48.75	-19.7548	5.87659e-83	True
Stim8hr	RNMT	ENSG00000101654_Stim8hr	172	7081	49	123	25	3	False					False
Stim8hr	C9orf78	ENSG00000136819_Stim8hr	119	9999	27	92	25	0	True	-1.43898	63.12	-6.38229	9.11632e-07	True
Stim8hr	DHX35	ENSG00000101452_Stim8hr	17	4525	13	5	25	6	True	-1.33405	60.33	-3.83252		True
Stim8hr	NDUFAF5	ENSG00000101247_Stim8hr	71	5920	14	58	25	25	True	-0.414707	24.98	-2.52551		True
Stim8hr	EIF3J	ENSG00000104131_Stim8hr	234	9812	74	160	25	0	True	-3.126	88.55	-15.6216	5.29714e-51	True
Stim8hr	GLRX3	ENSG00000108010_Stim8hr	98	10282	24	74	25	4	True	-2.7174	84.8	-15.3358	5.03401e-49	True
Stim8hr	CNOT10	ENSG00000182973_Stim8hr	80	9820	16	64	18	0	True	-0.747887	40.45	-5.69003	4.32611e-05	True
Stim8hr	CNOT11	ENSG00000158435_Stim8hr	660	10002	154	506	25	0	True	-2.31922	79.96	-14.461	2.23517e-43	True
Stim8hr	RPRD1B	ENSG00000101413_Stim8hr	577	9809	186	391	15	0	True	-1.30725	59.59	-5.45479	2.50197e-05	True
Stim8hr	WBP4	ENSG00000120688_Stim8hr	202	8487	70	132	10	5	True	-2.5228	82.6	-9.59452	7.39521e-18	True
Stim8hr	ZFR	ENSG00000056097_Stim8hr	47	10282	13	34	0	3	True	-1.2571	58.16	-11.0604	2.41334e-24	True
Stim8hr	RPS25	ENSG00000118181_Stim8hr	90	9166	21	69	0	14	False					False
Stim8hr	RPLP2	ENSG00000177600_Stim8hr	26	10281	1	25	0	3	False					False
Stim8hr	THOC7	ENSG00000163634_Stim8hr	39	7547	9	30	25	0	True	-0.323475	20.09	-1.87853	0.628535	False
Stim8hr	NPM1	ENSG00000181163_Stim8hr	20	10282	2	18	1	25	False					False
Stim8hr	PWP1	ENSG00000136045_Stim8hr	114	10282	5	109	25	25	False					False
Stim8hr	KRR1	ENSG00000111615_Stim8hr	145	10275	11	134	12	5	True	-1.74636	70.19	-8.42358	3.99326e-13	True
Stim8hr	NOM1	ENSG00000146909_Stim8hr	12	10282	1	11	0	0	True	-0.975509	49.14	-2.68007	0.597217	False
Stim8hr	WDR18	ENSG00000065268_Stim8hr	48	2905	17	31	21	25	True	-1.26461	58.38	-5.57672	7.39196e-05	True
Stim8hr	RPS21	ENSG00000171858_Stim8hr	6	10281	0	6	0	17	False					False
Stim8hr	SRPRB	ENSG00000144867_Stim8hr	10	10281	0	10	0	18	True	-0.83166	43.81	-7.2363	5.70122e-09	True
Stim8hr	HNRNPR	ENSG00000125944_Stim8hr	23	4291	15	8	25	20	True	-4.07175	94.05	-22.3844	2.48783e-107	True
Stim8hr	PAX6	ENSG00000007372_Stim8hr	22	9996	2	20	0	25	False					False
Stim8hr	FAM120A	ENSG00000048828_Stim8hr	24	10282	7	17	19	1	True	-3.4772	91.02	-22.8794	9.04096e-112	True
Stim8hr	ZNF559	ENSG00000188321_Stim8hr	50	8494	7	43	13	25	True	-3.67673	92.18	-2.99842	0.228336	False
Stim8hr	RABL3	ENSG00000144840_Stim8hr	30	5916	10	20	25	0	True	-1.55428	65.95	-2.63017	0.348819	False
Stim8hr	AAR2	ENSG00000131043_Stim8hr	21	10282	4	17	2	20	True	-0.628778	35.33	-2.27112	0.68402	False
Stim8hr	RPL41	ENSG00000229117_Stim8hr	9	10281	2	7	0	9	False					False
Stim8hr	MARF1	ENSG00000166783_Stim8hr	16	10282	7	9	0	0	True	-0.679636	37.57	-5.84221	7.96327e-06	True
Stim8hr	RPS27L	ENSG00000185088_Stim8hr	9	10282	8	1	4	0	False					False
Stim8hr	DNAJC21	ENSG00000168724_Stim8hr	132	8020	83	49	25	0	True	-3.41803	90.64	-13.6807	1.09791e-38	True
Stim8hr	PGM1	ENSG00000079739_Stim8hr	25	9173	16	9	25	25	True	-3.14681	88.71	-11.1066	1.10563e-24	True
Stim8hr	TRMT10A	ENSG00000145331_Stim8hr	10	10282	3	7	5	4	True	-3.43449	90.75	-16.0675	5.32951e-54	True
Stim8hr	ARL8B	ENSG00000134108_Stim8hr	16	10282	6	10	8	5	True	-3.52761	91.33	-23.5537	1.42387e-118	True
Stim8hr	CCAR2	ENSG00000158941_Stim8hr	30	10282	21	9	0	19	True	-1.33172	60.27	-22.3412	1.67814e-106	True
Stim8hr	PRKRA	ENSG00000180228_Stim8hr	49	10282	15	34	25	0	True	-2.1495	77.46	-20.2408	4.88178e-87	True
Stim8hr	UGDH	ENSG00000109814_Stim8hr	193	9618	109	84	25	0	True	-3.57076	91.58	-9.35065	8.69031e-17	True
Stim8hr	EWSR1	ENSG00000182944_Stim8hr	1789	10158	694	1095	25	7	True	-3.23823	89.4	-32.0376	3.49878e-221	True
Stim8hr	DHX36	ENSG00000174953_Stim8hr	1808	9817	736	1072	25	25	True	-2.85986	86.22	-11.8404	2.053e-29	True
Stim8hr	CPNE1	ENSG00000214078_Stim8hr	90	10273	15	75	25	1	True	-2.5798	83.27	-4.70297	0.00280308	True
Stim8hr	RPRD1A	ENSG00000141425_Stim8hr	48	10160	13	35	25	0	True	-3.30705	89.9	-1.83712	0.761205	False
Stim8hr	EIF1	ENSG00000173812_Stim8hr	731	10000	313	418	20	25	True	-2.42366	81.36	-30.9894	7.82174e-207	True
Stim8hr	ATP5PO	ENSG00000241837_Stim8hr	93	10282	30	63	5	25	True	-3.6332	91.94	-5.40404	9.09496e-05	True
Stim8hr	HARS2	ENSG00000112855_Stim8hr	31	10282	1	30	0	25	False					False
Stim8hr	LETM1	ENSG00000168924_Stim8hr	37	10282	11	26	25	25	True	-2.44865	81.68	-5.0755	0.000957094	True
Stim8hr	GANAB	ENSG00000089597_Stim8hr	670	8488	309	361	25	25	True	-2.85168	86.15	-8.84828	8.6636e-16	True
Stim8hr	SEC63	ENSG00000025796_Stim8hr	305	7083	97	208	25	25	True	-1.66366	68.44	-16.3753	2.10496e-56	True
Stim8hr	TSEN15	ENSG00000198860_Stim8hr	29	10282	6	23	14	25	True	-1.84091	72.09	-9.55176	1.57795e-17	True
Stim8hr	ACIN1	ENSG00000100813_Stim8hr	7	10282	2	5	0	6	True	-0.427075	25.62	-3.9141	0.124721	False
Stim8hr	FTO	ENSG00000140718_Stim8hr	28	8484	15	13	25	1	True	-3.86259	93.13	-7.10748	5.18153e-09	True
Stim8hr	TRIR	ENSG00000123144_Stim8hr	36	4755	12	24	2	0	True	-1.67908	68.77	-17.3607	8.07822e-64	True
Stim8hr	IBA57	ENSG00000181873_Stim8hr	139	9618	56	83	25	25	True	-2.91542	86.75	-7.43948	1.0085e-09	True
Stim8hr	PMVK	ENSG00000163344_Stim8hr	87	6855	55	32	9	0	True	-4.32571	95.01	-13.1713	9.10921e-36	True
Stim8hr	MORC3	ENSG00000159256_Stim8hr	9	10282	1	8	0	25	True	-2.35162	80.41	-16.5097	3.86585e-57	True
Stim8hr	RRP8	ENSG00000132275_Stim8hr	9	10282	3	6	5	9	True	-2.72031	84.83	-8.1599	4.14585e-12	True
Stim8hr	PPHLN1	ENSG00000134283_Stim8hr	417	9608	175	242	25	0	True	-1.90461	73.29	-23.1622	1.09271e-114	True
Stim8hr	TUBB4B	ENSG00000188229_Stim8hr	24	8027	16	8	0	0	True	-1.5502	65.85	-13.4294	3.37464e-37	True
Stim8hr	ZBTB40	ENSG00000184677_Stim8hr	15	9816	9	6	18	22	True	-3.41108	90.6	-9.39307	1.19035e-17	True
Stim8hr	PAIP1	ENSG00000172239_Stim8hr	61	5461	42	20	25	25	True	-0.82382	43.51	-2.89887		True
Stim8hr	OGT	ENSG00000147162_Stim8hr	93	9399	43	50	25	25	True	-0.445376	26.56	-3.70302	0.0445096	True
Stim8hr	RAB10	ENSG00000084733_Stim8hr	23	9167	12	11	25	22	True	-1.77327	70.75	-19.9444	1.58901e-84	True
Stim8hr	HLA-A	ENSG00000206503_Stim8hr	9	10282	0	9	0	25	False					False
Stim8hr	PNRC2	ENSG00000189266_Stim8hr	22	9170	4	18	1	0	True	-3.883	93.22	-30.6158	7.1464e-202	True
Stim8hr	DBI	ENSG00000155368_Stim8hr	7	4761	3	4	0	0	True	-4.50964	95.61	-22.3312	9.08132e-107	True
Stim8hr	ZNF408	ENSG00000175213_Stim8hr	19	10282	17	2	12	0	True	-2.84597	86.09	-5.89528	5.77718e-06	True
Stim8hr	PHF6	ENSG00000156531_Stim8hr	18	10282	10	8	21	0	True	-4.52856	95.67	-13.6634	2.07726e-38	True
Stim8hr	SCAF4	ENSG00000156304_Stim8hr	234	10281	113	121	0	6	True	-3.40613	90.57	-19.3604	1.85849e-79	True
Stim8hr	RC3H1	ENSG00000135870_Stim8hr	168	9402	40	128	0	0	True	-3.32415	90.02	-24.5984	1.27857e-129	True
Stim8hr	MTRES1	ENSG00000130349_Stim8hr	35	4294	11	25	25	8	True	-3.62314	91.88	-5.09007		True
Stim8hr	CNP	ENSG00000173786_Stim8hr	13	10282	12	1	2	0	True	-2.84182	86.05	-19.8431	1.56426e-83	True
Stim8hr	XPO6	ENSG00000169180_Stim8hr	23	6613	7	16	10	1	True	-3.037	87.82	-16.2608	1.28383e-55	True
Stim8hr	DHX30	ENSG00000132153_Stim8hr	25	9379	2	23	4	25	True	-2.09901	76.66	-20.7918	4.9894e-92	True
Stim8hr	MRPS10	ENSG00000048544_Stim8hr	9	10282	5	4	0	15	False					False
Stim8hr	IRF4	ENSG00000137265_Stim8hr	566	10003	244	322	21	25	True	-0.875874	45.51	-11.3805	5.47053e-26	True
Stim8hr	STAT3	ENSG00000168610_Stim8hr	1369	9816	583	786	25	25	True	-3.50626	91.2	-17.6341	1.3778e-65	True
Stim8hr	SCAF8	ENSG00000213079_Stim8hr	58	10282	30	28	9	25	True	-2.71376	84.76	-12.3225	7.65401e-31	True
Stim8hr	SLK	ENSG00000065613_Stim8hr	35	6385	12	23	25	25	True	-4.67325	96.08	-9.30466	8.89362e-17	True
Stim8hr	MAPK1	ENSG00000100030_Stim8hr	37	10274	9	28	13	0	True	-2.70736	84.69	-22.3195	2.61182e-106	True
Stim8hr	XPO5	ENSG00000124571_Stim8hr	6	10281	6	0	0	0	True	-0.878117	45.59	-13.2124	9.20233e-36	True
Stim8hr	DARS1	ENSG00000115866_Stim8hr	39	2677	26	13	25	25	True	-0.40912	24.69	-3.30061	0.0765458	True
Stim8hr	PCMT1	ENSG00000120265_Stim8hr	7	10282	7	0	20	0	True	-2.5191	82.55	-22.3044	4.14007e-106	True
Stim8hr	ALDOA	ENSG00000149925_Stim8hr	233	9176	89	144	25	0	False					False
Stim8hr	GPAT2	ENSG00000186281_Stim8hr	10	10282	7	3	8	2	True	-4.01954	93.83	-3.29328	0.458427	False
Stim8hr	ZBTB47	ENSG00000114853_Stim8hr	8	10282	6	2	9	0	True	-1.19551	56.34	-1.11625	0.999872	False
Stim8hr	HMGB2	ENSG00000164104_Stim8hr	8	10282	6	2	0	0	True	-3.69827	92.3	-16.5636	1.58104e-57	True
Stim8hr	RANBP1	ENSG00000099901_Stim8hr	21	10275	11	10	15	0	False					False
Stim8hr	SIN3A	ENSG00000169375_Stim8hr	31	8716	20	11	25	1	True	-0.540353	31.24	-9.06258	1.14767e-15	True
Stim8hr	SMG1	ENSG00000157106_Stim8hr	2683	10002	641	2042	25	1	True	-0.481427	28.37	-3.47147	0.0041976	True
Stim8hr	SMG7	ENSG00000116698_Stim8hr	1764	9179	438	1326	25	4	True	-2.32944	80.1	-6.23878	3.52025e-08	True
Stim8hr	CASC3	ENSG00000108349_Stim8hr	1430	9612	329	1101	25	0	True	-2.98854	87.4	-20.556	1.12924e-90	True
Stim8hr	SMG8	ENSG00000167447_Stim8hr	755	9617	194	561	0	1	True	-3.36801	90.31	-13.7419	1.13585e-39	True
Stim8hr	SMG9	ENSG00000105771_Stim8hr	940	8955	304	636	25	7	True	-3.33775	90.11	-9.75602	1.46313e-19	True
Stim8hr	APEX1	ENSG00000100823_Stim8hr	209	9172	62	147	25	25	True	-2.63097	83.86	-32.4159	1.554e-226	True
Stim8hr	UPF2	ENSG00000151461_Stim8hr	674	7792	188	486	25	1	True	-0.93387	47.65	-6.6111	1.18255e-08	True
Stim8hr	U2SURP	ENSG00000163714_Stim8hr	14	10282	9	5	8	5	True	-0.468047	27.71	-7.50375	7.66666e-10	True
Stim8hr	L3MBTL3	ENSG00000198945_Stim8hr	34	10282	1	33	0	16	True	-1.46351	63.74	-8.8492	9.84318e-15	True
Stim8hr	SRSF8	ENSG00000263465_Stim8hr	10	10281	9	1	25	0	True	-3.23919	89.41	-19.9792	1.03379e-84	True
Stim8hr	DHX34	ENSG00000134815_Stim8hr	7	10282	2	5	0	1	True	-4.22549	94.65	-13.2892	3.30785e-36	True
Stim8hr	UBTF	ENSG00000108312_Stim8hr	10	10282	9	1	25	0	True	-0.289617	18.19	-4.25761	0.0365288	True
Stim8hr	CCDC124	ENSG00000007080_Stim8hr	9	10282	3	6	0	0	True	-3.66989	92.14	-35.8861	6.24027e-278	True
Stim8hr	EMG1	ENSG00000126749_Stim8hr	38	599	20	18	25	24	True	-0.593192	33.71	-4.74557	0.00128913	True
Stim8hr	CTCF	ENSG00000102974_Stim8hr	10	10282	0	10	0	22	False					False
Stim8hr	ZNF184	ENSG00000096654_Stim8hr	6	10282	1	5	0	8	True	-3.04648	87.9	-9.89715	5.29858e-19	True
Stim8hr	DDX39A	ENSG00000123136_Stim8hr	22	1520	11	11	25	25	True	-0.390326	23.7	-3.95749	0.0232913	True
Stim8hr	DHX9	ENSG00000135829_Stim8hr	66	9809	24	42	25	0	True	-1.83647	72.0	-16.3759	2.89962e-56	True
Stim8hr	ENO1	ENSG00000074800_Stim8hr	31	2676	16	15	25	25	True	-2.28079	79.42	-26.3337	2.18777e-149	True
Stim8hr	RBM12B	ENSG00000183808_Stim8hr	6	10282	4	2	8	0	True	-2.68632	84.46	-10.8808	1.76082e-23	True
Stim8hr	BRCA1	ENSG00000012048_Stim8hr	59	10282	5	54	25	22	True	-0.676332	37.42	-1.75975	0.815211	False
Stim8hr	CELF2	ENSG00000048740_Stim8hr	27	9814	11	16	4	9	True	-1.0219	50.75	-18.8564	2.66058e-75	True
Stim8hr	CCNT1	ENSG00000129315_Stim8hr	16	9811	4	12	1	1	True	-2.67667	84.36	-9.70772	2.85323e-18	True
Stim8hr	CLASRP	ENSG00000104859_Stim8hr	196	5917	92	104	25	0	True	-3.15715	88.79	-6.9022	1.56964e-08	True
Stim8hr	TENT5C	ENSG00000183508_Stim8hr	106	10282	21	85	22	1	True	-4.05645	93.99	-7.65689	3.62033e-11	True
Stim8hr	YBX1	ENSG00000065978_Stim8hr	31	4993	9	22	15	1	True	-1.06605	52.24	-9.40491	2.69549e-17	True
Stim8hr	RANBP9	ENSG00000010017_Stim8hr	7	10282	0	7	0	25	True	-2.37833	80.77	-15.4855	5.37794e-50	True
Stim8hr	REXO5	ENSG00000005189_Stim8hr	8	10282	5	3	1	1	True	-3.30546	89.89	-3.42911	0.468221	False
Stim8hr	SZRD1	ENSG00000055070_Stim8hr	87	5462	56	31	25	15	True	-1.58872	66.75	-22.5241	1.36415e-108	True
Stim8hr	ZBTB14	ENSG00000198081_Stim8hr	85	8715	28	57	25	2	True	-2.17209	77.81	-5.70006	5.67745e-06	True
Stim8hr	UNK	ENSG00000132478_Stim8hr	15	10282	12	3	6	0	True	-1.70265	69.28	-7.62614	7.47759e-11	True
Stim8hr	ZFP36L1	ENSG00000185650_Stim8hr	9	10282	0	9	0	25	True	-2.84801	86.11	-14.4916	1.69357e-43	True
Stim8hr	YARS1	ENSG00000134684_Stim8hr	15	1062	8	8	25	25	True	-1.09185	53.08	-6.04915		True
Stim8hr	ZC3H4	ENSG00000130749_Stim8hr	276	10157	50	226	0	0	True	-0.707817	38.78	-9.05783	3.55728e-16	True
Stim8hr	INTS6	ENSG00000102786_Stim8hr	43	3594	15	28	9	0	True	-1.60991	67.24	-15.77	1.86872e-52	True
Stim8hr	VIM	ENSG00000026025_Stim8hr	37	10282	9	28	1	8	True	-1.13306	54.41	-9.1488	7.12703e-16	True
Stim8hr	NSUN2	ENSG00000037474_Stim8hr	75	10159	47	28	2	0	True	-1.34362	60.6	-21.4411	5.91698e-98	True
Stim8hr	ATM	ENSG00000149311_Stim8hr	70	10281	26	44	0	5	True	-3.13455	88.61	-14.4179	4.74851e-43	True
Stim8hr	ZNF800	ENSG00000048405_Stim8hr	7	10282	2	5	0	1	True	-3.43558	90.76	-21.5879	2.88613e-99	True
Stim8hr	PCBP1	ENSG00000169564_Stim8hr	615	7783	335	280	25	1	True	-2.36571	80.6	-11.8586	1.56336e-28	True
Stim8hr	AIMP1	ENSG00000164022_Stim8hr	16	4292	9	7	14	9	True	-3.88288	93.22	-33.2473	9.94403e-239	True
Stim8hr	EIF3K	ENSG00000178982_Stim8hr	352	8252	119	233	25	3	True	-2.87915	86.41	-23.7186	1.97528e-120	True
Stim8hr	KMT2C	ENSG00000055609_Stim8hr	306	9816	196	110	25	1	True	-2.94495	87.01	-28.2708	8.06351e-172	True
Stim8hr	DHX40	ENSG00000108406_Stim8hr	28	8256	14	14	0	25	True	-3.20956	89.19	-12.1415	1.81084e-30	True
Stim8hr	ZNF652	ENSG00000198740_Stim8hr	6	10282	3	3	0	0	True	-2.56528	83.1	-9.77147	1.8452e-18	True
Stim8hr	CWC27	ENSG00000153015_Stim8hr	77	8266	45	32	0	17	True	-3.24139	89.43	-23.797	3.06462e-121	True
Stim8hr	TAP1	ENSG00000168394_Stim8hr	15	8256	8	7	25	12	True	-1.69347	69.08	-19.4025	6.27359e-80	True
Stim8hr	RRAGB	ENSG00000083750_Stim8hr	6	10282	5	1	0	0	False					False
Stim8hr	RAB21	ENSG00000080371_Stim8hr	8	10282	4	4	3	1	True	-2.48792	82.17	-30.96	2.30712e-206	True
Stim8hr	CYP51A1	ENSG00000001630_Stim8hr	8	10282	6	2	13	0	True	-3.2476	89.47	-12.4073	2.95071e-31	True
Stim8hr	PAN2	ENSG00000135473_Stim8hr	30	9615	10	20	15	7	True	-4.35682	95.12	-6.30817	1.40795e-06	True
Stim8hr	NUDT16	ENSG00000198585_Stim8hr	27	10282	4	23	0	13	True	-4.04294	93.93	-9.05521	1.68574e-15	True
Stim8hr	PRDM5	ENSG00000138738_Stim8hr	14	10153	8	6	2	25	True	-1.55463	65.96	-1.22172	0.88047	False
Stim8hr	MOGS	ENSG00000115275_Stim8hr	52	8720	18	34	0	25	True	-2.19398	78.15	-21.2036	7.97893e-96	True
Stim8hr	TP53	ENSG00000141510_Stim8hr	190	10282	121	69	25	25	True	-3.46444	90.94	-45.8325	0.0	True
Stim8hr	CLASP2	ENSG00000163539_Stim8hr	9	10282	2	7	0	4	True	-2.54223	82.83	-9.72906	2.80492e-18	True
Stim8hr	HMGN5	ENSG00000198157_Stim8hr	79	9809	34	45	0	25	True	-1.82591	71.79	-3.51734	0.070867	True
Stim8hr	ZC3H12A	ENSG00000163874_Stim8hr	260	9405	140	120	25	25	True	-0.953696	48.37	-7.23805	6.33205e-10	True
Stim8hr	DAZAP1	ENSG00000071626_Stim8hr	22	10269	8	14	14	0	True	-1.70894	69.41	-8.20071	2.6108e-12	True
Stim8hr	SF1	ENSG00000168066_Stim8hr	30	831	21	9	25	25	False					False
Stim8hr	ATXN2L	ENSG00000168488_Stim8hr	119	5456	63	56	25	25	True	-1.89872	73.18	-18.9172	4.65497e-76	True
Stim8hr	SYNCRIP	ENSG00000135316_Stim8hr	13	6621	8	5	0	0	True	-2.67943	84.39	-5.53092	0.000218525	True
Stim8hr	INO80	ENSG00000128908_Stim8hr	331	10158	127	204	0	9	True	-1.17771	55.79	-6.88469	1.55615e-08	True
Stim8hr	YY1	ENSG00000100811_Stim8hr	960	9167	546	414	0	25	True	-1.11286	53.76	-14.9124	2.59708e-46	True
Stim8hr	HNRNPA3	ENSG00000170144_Stim8hr	6	10282	5	1	0	0	True	-0.185022	12.04	-3.68618	0.256717	False
Stim8hr	ZC3H14	ENSG00000100722_Stim8hr	25	3365	20	6	0	5	True	-2.47358	82.0	-10.8706		True
Stim8hr	IPO7	ENSG00000205339_Stim8hr	53	6149	32	21	25	3	False					False
Stim8hr	ERN1	ENSG00000178607_Stim8hr	116	8945	106	10	25	0	True	-1.32561	60.1	-9.1144	1.04503e-16	True
Stim8hr	UNC50	ENSG00000115446_Stim8hr	8	10282	0	8	0	14	True	-1.14858	54.89	-4.50482	0.0411237	True
Stim8hr	PRRC2A	ENSG00000204469_Stim8hr	121	4996	87	34	0	0	True	-3.0239	87.71	-16.7931	1.42009e-59	True
Stim8hr	DIDO1	ENSG00000101191_Stim8hr	7	10281	0	7	0	1	True	-0.464509	27.53	-7.496	8.14491e-10	True
Stim8hr	MBD3	ENSG00000071655_Stim8hr	74	10282	40	34	11	0	True	-3.6158	91.84	-30.3134	9.4532e-198	True
Stim8hr	RAB23	ENSG00000112210_Stim8hr	6	10282	5	1	2	0	True	-2.03999	75.68	-6.89697	2.1879e-08	True
Stim8hr	SLC25A3	ENSG00000075415_Stim8hr	25	10281	6	19	1	25	True	-1.49198	64.45	-28.3014	3.70622e-172	True
Stim8hr	PITHD1	ENSG00000057757_Stim8hr	9	10282	0	9	0	25	True	-1.35782	60.98	-14.3038	2.56428e-42	True
Stim8hr	ZBTB24	ENSG00000112365_Stim8hr	7	10282	6	1	0	0	True	-4.33069	95.03	-3.5866	0.37656	False
Stim8hr	HSPB1	ENSG00000106211_Stim8hr	8	10282	4	4	0	0	True	-4.60049	95.88	-10.8571	2.28357e-23	True
Stim8hr	IMMT	ENSG00000132305_Stim8hr	35	5694	15	20	25	0	True	-1.7208	69.66	-13.42	2.72469e-37	True
Stim8hr	FXR1	ENSG00000114416_Stim8hr	11	10282	7	4	0	6	True	-2.75268	85.16	-12.3034	1.07478e-30	True
Stim8hr	TSR3	ENSG00000007520_Stim8hr	7	10282	2	5	0	2	True	-1.57309	66.39	-18.8909	1.67837e-75	True
Stim8hr	ZEB1	ENSG00000148516_Stim8hr	215	10282	52	163	25	0	True	-1.40691	62.29	-15.7788	1.29478e-52	True
Stim8hr	PPP4R2	ENSG00000163605_Stim8hr	20	6381	14	6	25	2	True	-1.63009	67.69	-10.2954	4.88874e-21	True
Stim8hr	RPS19	ENSG00000105372_Stim8hr	102	5222	67	35	25	3	False					False
Stim8hr	PDAP1	ENSG00000106244_Stim8hr	50	10282	15	35	25	25	False					False
Stim8hr	ATP5F1B	ENSG00000110955_Stim8hr	9	10282	2	7	0	22	True	-1.06947	52.35	-13.8987	7.98127e-40	True
Stim8hr	RIOK3	ENSG00000101782_Stim8hr	8	10282	2	6	0	2	True	-2.48801	82.17	-17.324	3.83508e-63	True
Stim8hr	CSDE1	ENSG00000009307_Stim8hr	1052	9614	464	588	25	1	True	-2.10693	76.79	-29.3701	1.31815e-185	True
Stim8hr	ARL4D	ENSG00000175906_Stim8hr	31	10282	22	9	0	7	True	-2.2304	78.69	-2.59754	0.438324	False
Stim8hr	CNOT4	ENSG00000080802_Stim8hr	504	8260	236	268	6	25	True	-3.09316	88.28	-7.08912	2.88057e-09	True
Stim8hr	PARK7	ENSG00000116288_Stim8hr	6	10281	6	0	7	0	True	-2.43296	81.48	-41.9503	0.0	True
Stim8hr	UBAP2L	ENSG00000143569_Stim8hr	1116	9169	734	382	25	17	True	-2.59936	83.5	-38.1552	0.0	True
Stim8hr	SNRPB2	ENSG00000125870_Stim8hr	153	8486	86	67	0	8	True	-3.8606	93.12	-28.9062	8.76313e-180	True
Stim8hr	MRPL58	ENSG00000167862_Stim8hr	7	10282	4	3	2	0	False					False
Stim8hr	MRTFB	ENSG00000186260_Stim8hr	26	7085	13	14	1	2	True	-0.394424	23.92	-1.48921		True
Stim8hr	MRRF	ENSG00000148187_Stim8hr	38	5687	23	15	6	25	True	-3.45344	90.87	-12.5667	9.48107e-33	True
Stim8hr	TRIT1	ENSG00000043514_Stim8hr	42	6855	29	13	4	2	True	-1.34555	60.65	-12.9367	1.98269e-34	True
Stim8hr	PATL1	ENSG00000166889_Stim8hr	6	10282	2	4	0	1	True	-1.22055	57.09	-9.62196	7.9883e-18	True
Stim8hr	ZNF317	ENSG00000130803_Stim8hr	19	8484	13	6	0	1	True	-1.77762	70.83	-13.9142	1.51803e-40	True
Stim8hr	CALR	ENSG00000179218_Stim8hr	12	9816	1	11	0	25	True	-1.64029	67.92	-13.3389	1.40445e-36	True
Stim8hr	R3HCC1L	ENSG00000166024_Stim8hr	119	9998	11	108	1	1	True	-3.41872	90.65	-10.5436	5.68098e-22	True
Stim8hr	HNRNPH1	ENSG00000169045_Stim8hr	13	10282	3	10	0	14	False					False
Stim8hr	HSP90AB1	ENSG00000096384_Stim8hr	29	9615	0	29	0	25	True	-3.49735	91.14	-47.7937	0.0	True
Stim8hr	AKAP17A	ENSG00000197976_Stim8hr	70	10282	35	35	0	25	True	-2.29342	79.6	-18.1871	8.0775e-70	True
Stim8hr	ARFRP1	ENSG00000101246_Stim8hr	16	3826	4	12	0	23	True	-0.672611	37.26	-3.64074	0.0720238	True
Stim8hr	DLX2	ENSG00000115844_Stim8hr	10	7076	6	4	3	0	False					False
Stim8hr	TNPO1	ENSG00000083312_Stim8hr	768	8262	410	358	0	11	True	-2.79498	85.59	-9.68057	1.03803e-18	True
Stim8hr	RAB9B	ENSG00000123570_Stim8hr	17	10282	11	6	0	1	True	-1.2566	58.15	-0.814915	0.968063	False
Stim8hr	SUPT4H1	ENSG00000213246_Stim8hr	37	1062	22	16	25	25	True	-0.32222	20.02	-2.44236		True
Stim8hr	ELAVL1	ENSG00000066044_Stim8hr	2169	10161	1361	808	2	10	True	-3.57767	91.62	-51.4084	0.0	True
Stim8hr	PAN3	ENSG00000152520_Stim8hr	184	6381	73	111	6	0	True	-4.12353	94.26	-16.3096	5.57619e-56	True
Stim8hr	RBM15B	ENSG00000259956_Stim8hr	7	10282	1	6	0	25	True	-3.20909	89.19	-28.3151	2.7889e-172	True
Stim8hr	HMGB3	ENSG00000029993_Stim8hr	28	8949	18	11	6	1	True	-3.41287	90.61	-3.69979		True
Stim8hr	HNRNPD	ENSG00000138668_Stim8hr	164	9175	92	72	0	7	True	-2.08811	76.48	-38.3821	0.0	True
Stim8hr	ERMP1	ENSG00000099219_Stim8hr	6	10282	6	0	3	0	True	-2.93532	86.93	-7.88129	4.01066e-11	True
Stim8hr	FRG1	ENSG00000109536_Stim8hr	12	4760	9	3	11	0	True	-1.87677	72.77	-11.9506	3.18129e-29	True
Stim8hr	NPM3	ENSG00000107833_Stim8hr	7	10282	4	3	2	0	True	-2.52464	82.62	-24.9979	7.96643e-134	True
Stim8hr	NCOA5	ENSG00000124160_Stim8hr	11	10282	8	3	0	0	True	-2.25032	78.98	-9.08808	1.24674e-15	True
Stim8hr	UCHL5	ENSG00000116750_Stim8hr	350	7787	207	143	25	0	True	-3.56163	91.53	-13.5654	5.17635e-38	True
Stim8hr	GPBP1	ENSG00000062194_Stim8hr	8	10282	8	0	2	0	True	-0.709678	38.85	-16.0722	4.94834e-54	True
Stim8hr	TGS1	ENSG00000137574_Stim8hr	30	2676	15	15	25	0	False					False
Stim8hr	RBM7	ENSG00000076053_Stim8hr	36	4296	17	19	25	25	True	-1.76777	70.63	-9.7722	6.60794e-19	True
Stim8hr	WRAP53	ENSG00000141499_Stim8hr	158	8948	91	67	0	0	True	-2.66905	84.28	-10.9728	2.38879e-24	True
Stim8hr	POLDIP3	ENSG00000100227_Stim8hr	38	10282	19	19	25	25	True	-0.995791	49.85	-7.79023	8.27293e-11	True
Stim8hr	ATG3	ENSG00000144848_Stim8hr	14	10270	10	4	25	0	True	-2.30973	79.83	-19.983	8.46582e-85	True
Stim8hr	ZNF638	ENSG00000075292_Stim8hr	8	10282	5	3	0	0	True	-1.97825	74.62	-9.70399	3.58832e-18	True
Stim8hr	NONO	ENSG00000147140_Stim8hr	55	9998	31	24	0	22	True	-2.27544	79.35	-21.376	2.33761e-97	True
Stim8hr	EIF1AD	ENSG00000175376_Stim8hr	7	10282	1	6	0	3	True	-0.639875	35.82	-4.02871	0.0866773	True
Stim8hr	MYEF2	ENSG00000104177_Stim8hr	14	10282	3	11	1	12	True	-0.995389	49.84	-1.1017	0.999777	False
Stim8hr	SMAD4	ENSG00000141646_Stim8hr	24	10282	10	14	25	18	True	-3.03157	87.77	-16.5976	8.98163e-58	True
Stim8hr	SMARCA4	ENSG00000127616_Stim8hr	164	8482	78	86	25	25	True	-1.85812	72.42	-17.1506	5.45604e-62	True
Stim8hr	ARL1	ENSG00000120805_Stim8hr	9	10282	1	8	0	13	True	-3.31373	89.94	-20.3876	2.66592e-88	True
Stim8hr	SIRT6	ENSG00000077463_Stim8hr	43	9615	18	25	2	6	True	-4.26991	94.82	-14.4202	3.8511e-43	True
Stim8hr	ZPR1	ENSG00000109917_Stim8hr	41	4991	22	19	25	25	True	-0.454297	27.01	-2.45522	0.342637	False
Stim8hr	SRSF5	ENSG00000100650_Stim8hr	10	10282	3	7	1	16	True	-1.00307	50.11	-10.5417	3.4327e-22	True
Stim8hr	PRDM15	ENSG00000141956_Stim8hr	60	9405	34	26	9	0	True	-3.32671	90.03	-6.92103	4.8515e-09	True
Stim8hr	SHFL	ENSG00000130813_Stim8hr	7	10282	5	2	8	0	True	-3.4738	91.0	-12.8433	1.15999e-33	True
Stim8hr	TOR4A	ENSG00000198113_Stim8hr	12	10282	5	7	0	6	True	-3.23351	89.37	-2.96953	0.369371	False
Stim48hr	BZW2	ENSG00000136261_Stim48hr	87	4419	33	54	25	25	True	-4.13564	94.31	-29.3961	2.81541e-186	True
Stim48hr	PARK7	ENSG00000116288_Stim48hr	94	10282	29	65	0	11	True	-2.21565	78.47	-45.8688	0.0	True
Stim48hr	ZC3H12A	ENSG00000163874_Stim48hr	796	8440	391	405	25	25	True	-0.246083	15.68	-2.2287	0.170142	False
Stim48hr	MOV10	ENSG00000155363_Stim48hr	1424	10111	582	842	14	25	True	-2.60173	83.53	-16.0831	3.58666e-54	True
Stim48hr	SBDS	ENSG00000126524_Stim48hr	77	4888	24	54	22	25	True	-1.69982	69.22	-6.08469		True
Stim48hr	IREB2	ENSG00000136381_Stim48hr	48	6048	21	27	25	25	True	-0.740264	40.14	-7.7896	4.22491e-11	True
Stim48hr	CDK12	ENSG00000167258_Stim48hr	423	6283	112	311	25	25	False					False
Stim48hr	ILK	ENSG00000166333_Stim48hr	9	10282	6	3	11	1	True	-0.881663	45.73	-7.72823	1.38172e-10	True
Stim48hr	ARL1	ENSG00000120805_Stim48hr	136	3946	41	95	25	25	True	-3.06886	88.08	-17.4453	1.52312e-64	True
Stim48hr	BCDIN3D	ENSG00000186666_Stim48hr	8	10282	4	4	5	4	True	-3.44711	90.83	-6.71705	2.34874e-07	True
Stim48hr	NAE1	ENSG00000159593_Stim48hr	105	3945	36	69	25	13	False					False
Stim48hr	LSM11	ENSG00000155858_Stim48hr	59	1098	15	45	25	25	True	-0.592612	33.69	-3.16206		True
Stim48hr	SRA1	ENSG00000213523_Stim48hr	86	2046	27	59	25	25	True	-1.82619	71.8	-8.13084	8.98272e-13	True
Stim48hr	DHX40	ENSG00000108406_Stim48hr	47	7486	15	32	2	25	True	-3.48289	91.06	-16.6039	2.53283e-58	True
Stim48hr	RIC8A	ENSG00000177963_Stim48hr	84	4890	44	40	25	7	True	-2.09685	76.62	-17.3377	1.23666e-63	True
Stim48hr	NSUN6	ENSG00000241058_Stim48hr	321	4416	102	220	25	25	True	-2.48964	82.19	-17.1805		True
Stim48hr	RP9	ENSG00000164610_Stim48hr	102	1816	36	67	25	25	True	-1.77772	70.84	-5.3573		True
Stim48hr	SLTM	ENSG00000137776_Stim48hr	342	6523	138	204	24	16	True	-1.27459	58.67	-17.6182	1.20942e-65	True
Stim48hr	EXOSC6	ENSG00000223496_Stim48hr	155	2993	52	103	25	25	False					False
Stim48hr	GCFC2	ENSG00000005436_Stim48hr	6	10282	2	4	0	0	True	-3.74973	92.57	-12.8244	1.51791e-33	True
Stim48hr	DAPK2	ENSG00000035664_Stim48hr	349	4885	148	202	25	21	True	-2.31484	79.9	-2.36108		True
Stim48hr	RASL11A	ENSG00000122035_Stim48hr	116	7239	39	77	5	20	False					False
Stim48hr	RC3H2	ENSG00000056586_Stim48hr	24	9578	13	11	1	21	True	-2.22434	78.6	-17.4806	2.00784e-64	True
Stim48hr	MPG	ENSG00000103152_Stim48hr	165	3943	95	70	25	25	True	-2.48283	82.11	-11.7323	3.54587e-28	True
Stim48hr	SACM1L	ENSG00000211456_Stim48hr	6	10282	4	2	0	4	True	-0.580938	33.15	-5.75904	0.000107191	True
Stim48hr	SPSB3	ENSG00000162032_Stim48hr	10	10282	3	7	0	1	True	-0.723857	39.45	-2.69573	0.61819	False
Stim48hr	RPL22L1	ENSG00000163584_Stim48hr	30	6518	8	22	14	25	False					False
Stim48hr	SRF	ENSG00000112658_Stim48hr	13	10282	3	10	0	25	True	-0.421932	25.36	-3.82701	0.102763	False
Stim48hr	RAB21	ENSG00000080371_Stim48hr	127	6284	59	68	0	15	True	-1.81509	71.58	-26.059	6.94305e-146	True
Stim48hr	PLEC	ENSG00000178209_Stim48hr	48	10282	21	27	0	25	True	-0.734011	39.88	-5.38093	0.000288783	True
Stim48hr	UTP23	ENSG00000147679_Stim48hr	170	4890	77	93	25	25	True	-1.43069	62.9	-5.73411	4.95812e-05	True
Stim48hr	ATM	ENSG00000149311_Stim48hr	142	10282	50	92	0	0	True	-2.61539	83.68	-15.8543	1.59932e-52	True
Stim48hr	NSUN2	ENSG00000037474_Stim48hr	70	10282	26	44	25	1	True	-1.384	61.68	-14.9749	1.22628e-46	True
Stim48hr	KMT2C	ENSG00000055609_Stim48hr	461	10208	235	226	25	1	True	-2.58756	83.36	-26.1958	3.24682e-147	True
Stim48hr	HSP90AB1	ENSG00000096384_Stim48hr	27	4181	7	20	12	25	True	-2.59163	83.41	-29.6938	3.98309e-190	True
Stim48hr	ZNF81	ENSG00000197779_Stim48hr	13	10282	1	12	0	0	False					False
Stim48hr	ERN1	ENSG00000178607_Stim48hr	176	10107	163	13	25	16	True	-0.203395	13.15	-1.83695	0.690399	False
Stim48hr	LUC7L3	ENSG00000108848_Stim48hr	58	2758	29	29	25	16	True	-2.06766	76.15	-6.94707	1.06064e-08	True
Stim48hr	CCDC137	ENSG00000185298_Stim48hr	8	10282	2	6	0	5	True	-3.26987	89.63	-2.43766	0.767546	False
Stim48hr	HSPA8	ENSG00000109971_Stim48hr	7	10282	2	5	0	17	True	-0.182869	11.91	-1.98268	0.85343	False
Stim48hr	EIF3H	ENSG00000147677_Stim48hr	186	7005	79	107	25	0	True	-1.90222	73.25	-13.3611	7.41912e-37	True
Stim48hr	EIF3J	ENSG00000104131_Stim48hr	252	10111	68	184	25	15	True	-2.19808	78.21	-6.99658	7.01882e-09	True
Stim48hr	ZC3H15	ENSG00000065548_Stim48hr	14	2048	7	7	25	4	True	-2.34556	80.32	-23.2804	1.47808e-116	True
Stim48hr	CWC27	ENSG00000153015_Stim48hr	30	8207	13	17	25	19	True	-2.75313	85.17	-22.976	6.88775e-113	True
Stim48hr	UNC50	ENSG00000115446_Stim48hr	12	10282	3	9	3	25	True	-0.777706	41.67	-2.76269	0.626456	False
Stim48hr	METTL14	ENSG00000145388_Stim48hr	32	10282	1	31	0	0	True	-1.3751	61.45	-2.68615	0.401409	False
Stim48hr	TRMT6	ENSG00000089195_Stim48hr	17	3941	11	7	7	3	True	-0.412834	24.89	-2.00005		True
Stim48hr	PRRC2A	ENSG00000204469_Stim48hr	84	8446	57	27	25	0	True	-1.96567	74.4	-15.4051	1.3231e-49	True
Stim48hr	TMED3	ENSG00000166557_Stim48hr	14	10282	2	12	0	25	True	-2.32916	80.1	-18.6483	1.65116e-73	True
Stim48hr	TMEM165	ENSG00000134851_Stim48hr	6	10282	3	3	0	3	True	-2.9098	86.69	-10.1271	1.77086e-20	True
Stim48hr	ENDOG	ENSG00000167136_Stim48hr	6	10282	1	5	0	0	True	-3.61114	91.82	-11.4709	2.34172e-26	True
Stim48hr	TXLNA	ENSG00000084652_Stim48hr	10	10282	4	6	0	10	True	-3.4672	90.96	-36.2033	6.59522e-283	True
Stim48hr	CNBP	ENSG00000169714_Stim48hr	251	4653	122	129	14	4	True	-1.71304	69.5	-30.4951	1.45506e-200	True
Stim48hr	UBC	ENSG00000150991_Stim48hr	48	10112	18	30	14	24	True	-0.65321	36.41	-3.99852	0.0426458	True
Stim48hr	HSPE1	ENSG00000115541_Stim48hr	24	8911	2	22	0	25	True	-0.172522	11.27	-1.01533	0.847278	False
Stim48hr	SRSF6	ENSG00000124193_Stim48hr	98	5351	33	66	0	0	True	-0.91635	47.02	-2.51991		True
Stim48hr	CMTR1	ENSG00000137200_Stim48hr	23	10282	7	16	6	0	True	-1.19429	56.3	-8.49377	2.3898e-13	True
Stim48hr	MIF4GD	ENSG00000125457_Stim48hr	10	10282	6	4	0	1	True	-1.21417	56.9	-16.5652	1.57789e-57	True
Stim48hr	SGF29	ENSG00000176476_Stim48hr	4868	10282	1626	3242	25	13	True	-3.12027	88.5	-10.8693	5.78494e-25	True
Stim48hr	DIS3L	ENSG00000166938_Stim48hr	26	2524	15	12	25	20	True	-3.07379	88.12	-8.98197		True
Stim48hr	RHEB	ENSG00000106615_Stim48hr	80	10282	20	60	25	0	True	-1.58137	66.58	-11.4286	1.75737e-26	True
Stim48hr	FRA10AC1	ENSG00000148690_Stim48hr	37	9365	6	31	3	0	True	-2.62053	83.74	-11.9694	4.99972e-29	True
Stim48hr	PAICS	ENSG00000128050_Stim48hr	87	2995	41	46	25	7	True	-0.883281	45.79	-9.88328	1.52071e-19	True
Stim48hr	DUS4L	ENSG00000105865_Stim48hr	6	10282	5	1	0	0	True	-1.93321	73.82	-6.79826	6.7051e-08	True
Stim48hr	PRDM15	ENSG00000141956_Stim48hr	40	10282	30	10	4	4	True	-2.9606	87.15	-5.21695	0.000121335	True
Stim48hr	NUP133	ENSG00000069248_Stim48hr	40	1816	15	26	23	0	True	-0.402044	24.32	-2.13574		True
Stim48hr	PPARGC1B	ENSG00000155846_Stim48hr	11	10282	9	2	21	0	True	-2.49703	82.29	-3.7657	0.167735	False
Stim48hr	CCDC12	ENSG00000160799_Stim48hr	148	9577	61	87	20	0	True	-0.326648	20.26	-2.54558	0.222888	False
Stim48hr	FEN1	ENSG00000168496_Stim48hr	14	6525	5	9	1	4	True	-1.13621	54.5	-9.43603	2.62428e-17	True
Stim48hr	ZNF426	ENSG00000130818_Stim48hr	10	10282	2	8	0	15	True	-3.91561	93.37	-13.8049	3.01496e-39	True
Stim48hr	PAK2	ENSG00000180370_Stim48hr	59	9774	20	39	25	25	True	-2.72566	84.88	-29.995	1.16593e-193	True
Stim48hr	RC3H1	ENSG00000135870_Stim48hr	340	9366	154	186	2	0	True	-2.51886	82.55	-20.5013	2.03956e-89	True
Stim48hr	ERMP1	ENSG00000099219_Stim48hr	6	10282	5	1	2	0	True	-4.26001	94.78	-9.24285	3.04347e-16	True
Stim48hr	S100A16	ENSG00000188643_Stim48hr	9	10282	6	3	6	0	False					False
Stim48hr	WDR26	ENSG00000162923_Stim48hr	9	10282	2	7	0	3	True	-0.721536	39.35	-8.09404	7.30862e-12	True
Stim48hr	ATP5F1B	ENSG00000110955_Stim48hr	12	6758	5	7	9	21	True	-0.480658	28.33	-7.63477	7.93732e-11	True
Stim48hr	MKRN2	ENSG00000075975_Stim48hr	39	10282	37	2	25	0	True	-2.43128	81.46	-12.3101	1.01244e-30	True
Stim48hr	FUBP1	ENSG00000162613_Stim48hr	1252	9365	617	635	25	11	True	-2.31758	79.94	-22.7685	9.15925e-111	True
Stim48hr	THRAP3	ENSG00000054118_Stim48hr	259	7729	134	125	25	0	True	-2.09047	76.52	-17.4981	1.1866e-64	True
Stim48hr	ELAVL1	ENSG00000066044_Stim48hr	2007	9954	1221	786	2	25	True	-2.87692	86.39	-46.6994	0.0	True
Stim48hr	CTU1	ENSG00000142544_Stim48hr	49	8444	17	33	25	25	True	-2.56331	83.08	-2.04059		True
Stim48hr	ZFP36L1	ENSG00000185650_Stim48hr	8	10282	0	8	0	25	True	-3.67707	92.18	-10.8308	3.11518e-23	True
Stim48hr	CAPRIN2	ENSG00000110888_Stim48hr	8	10282	3	5	6	6	True	-2.8472	86.1	-3.92523	0.102979	False
Stim48hr	URM1	ENSG00000167118_Stim48hr	52	9952	19	33	17	20	True	-2.14681	77.42	-8.20375	2.43619e-12	True
Stim48hr	BCL6	ENSG00000113916_Stim48hr	67	6520	7	60	25	0	True	-0.958252	48.53	-3.89861	0.0210124	True
Stim48hr	BRIP1	ENSG00000136492_Stim48hr	32	618	19	14	25	10	True	-2.25813	79.1	-4.39264		True
Stim48hr	NELFCD	ENSG00000101158_Stim48hr	78	10282	11	67	0	0	True	-2.07242	76.22	-9.21333	7.3887e-17	True
Stim48hr	SKIC8	ENSG00000140395_Stim48hr	2399	7968	1295	1104	3	25	True	-4.8365	96.5	-4.45859	0.000204524	True
Stim48hr	ZC3H14	ENSG00000100722_Stim48hr	66	8682	46	20	3	25	True	-2.87468	86.37	-8.51297	1.5243e-13	True
Stim48hr	PUM1	ENSG00000134644_Stim48hr	240	7237	102	138	22	2	True	-2.95196	87.08	-19.4109	4.68788e-80	True
Stim48hr	U2SURP	ENSG00000163714_Stim48hr	9	10282	5	4	0	0	True	-0.437667	26.17	-5.13385	0.00179181	True
Stim48hr	PAN2	ENSG00000135473_Stim48hr	41	4416	8	33	7	25	True	-2.81722	85.81	-10.8846		False
Stim48hr	SETD1B	ENSG00000139718_Stim48hr	84	9147	52	32	25	5	True	-2.40011	81.06	-7.99783	6.00375e-12	True
Stim48hr	HNRNPA3	ENSG00000170144_Stim48hr	6	10281	4	2	0	0	True	-0.210057	13.55	-4.07253	0.0841927	True
Stim48hr	NUDT16	ENSG00000198585_Stim48hr	20	5349	5	16	0	12	True	-3.75494	92.59	-12.2205		True
Stim48hr	NCBP3	ENSG00000074356_Stim48hr	204	10282	122	82	0	0	True	-3.39105	90.47	-22.3418	1.6974e-106	True
Stim48hr	PCBP4	ENSG00000090097_Stim48hr	25	10282	11	14	0	25	True	-2.44532	81.64	-6.30102	7.49447e-07	True
Stim48hr	IGHMBP2	ENSG00000132740_Stim48hr	42	7248	12	30	9	16	False					False
Stim48hr	ATG3	ENSG00000144848_Stim48hr	35	3943	20	15	25	25	True	-2.6807	84.4	-18.9299	2.63546e-76	True
Stim48hr	TRIM38	ENSG00000112343_Stim48hr	13	10282	4	9	4	11	True	-3.30351	89.87	-19.9721	1.19712e-84	True
Stim48hr	GTF3C5	ENSG00000148308_Stim48hr	173	5350	74	99	25	25	True	-0.778097	41.69	-3.38783	0.0443898	True
Stim48hr	AGFG1	ENSG00000173744_Stim48hr	10	10282	4	6	0	7	True	-0.0324187	2.22	-0.276529	0.999999	False
Stim48hr	ZEB1	ENSG00000148516_Stim48hr	415	10282	111	304	0	0	True	-1.21562	56.94	-15.7014	2.52039e-52	True
Stim48hr	CSDE1	ENSG00000009307_Stim48hr	689	8918	299	390	0	1	True	-2.1843	78.0	-28.7052	3.04048e-177	True
Stim48hr	MOGS	ENSG00000115275_Stim48hr	23	6527	7	16	1	25	True	-2.26126	79.14	-18.2106	2.88109e-70	True
Stim48hr	SF3B5	ENSG00000169976_Stim48hr	11	10282	2	9	0	3	True	-0.435328	26.05	-5.07863	0.0048185	True
Stim48hr	HMGN5	ENSG00000198157_Stim48hr	340	9359	182	158	0	0	True	-1.37567	61.46	-4.44807	0.00311824	True
Stim48hr	EIF4B	ENSG00000063046_Stim48hr	89	7236	38	51	5	0	True	-0.73283	39.83	-10.7549	4.21968e-23	True
Stim48hr	POLDIP3	ENSG00000100227_Stim48hr	261	7241	91	170	8	2	True	-0.942399	47.96	-5.15434	0.000239029	True
Stim48hr	LARP7	ENSG00000174720_Stim48hr	15	10282	7	8	1	5	True	-1.28986	59.1	-13.9429	4.40127e-40	True
Stim48hr	DCP1A	ENSG00000272886_Stim48hr	8	10282	3	5	0	25	True	-3.29495	89.81	-24.0603	8.24005e-124	True
Stim48hr	CORO1A	ENSG00000102879_Stim48hr	6	10282	2	4	0	11	True	-1.66831	68.54	-36.9008	5.67751e-294	True
Stim48hr	EIF4H	ENSG00000106682_Stim48hr	24	10277	6	18	9	18	True	-2.7847	85.49	-34.4898	1.27854e-256	True
Stim48hr	ARID4A	ENSG00000032219_Stim48hr	9	10282	2	7	1	4	True	-0.696414	38.29	-5.24925	0.000645104	True
Stim48hr	ZNF600	ENSG00000189190_Stim48hr	9	10282	3	6	0	24	True	-2.21566	78.47	-6.79746	1.34907e-07	True
Stim48hr	HNRNPDL	ENSG00000152795_Stim48hr	84	2757	33	51	25	25	True	-0.640743	35.86	-5.03363	0.000684377	True
Stim48hr	THG1L	ENSG00000113272_Stim48hr	19	5814	7	12	25	16	True	-1.7914	71.11	-2.76421	0.309161	False
Stim48hr	SLC25A13	ENSG00000004864_Stim48hr	6	10282	6	0	3	0	True	-2.8085	85.73	-6.93244	1.74759e-08	True
Stim48hr	NELFE	ENSG00000204356_Stim48hr	6	10282	1	5	0	2	True	-0.933495	47.64	-5.89069	3.8232e-05	True
Stim48hr	RPS2	ENSG00000140988_Stim48hr	7	10282	1	6	0	7	False					False
Stim48hr	MBLAC1	ENSG00000214309_Stim48hr	9	10282	4	5	0	21	False					False
Stim48hr	NCOA5	ENSG00000124160_Stim48hr	26	10277	7	19	5	24	True	-1.8469	72.2	-4.96736	0.00190069	True
Stim48hr	DAZAP1	ENSG00000071626_Stim48hr	28	6048	6	22	25	2	True	-1.38637	61.75	-7.62995	1.47572e-10	True
Stim48hr	PPP1R8	ENSG00000117751_Stim48hr	16	6047	7	9	3	5	True	-1.05454	51.85	-4.28399	0.0255539	True
Stim48hr	WRAP53	ENSG00000141499_Stim48hr	448	9579	166	282	0	0	True	-3.21511	89.23	-13.1909	9.86554e-36	True
Stim48hr	RAB6B	ENSG00000154917_Stim48hr	8	10282	5	3	4	0	True	-1.0967	53.24	-0.559042	0.999986	False
Stim48hr	TOPBP1	ENSG00000163781_Stim48hr	6	10282	2	4	0	4	True	-0.511936	29.87	-3.56731	0.304526	False
Stim48hr	MEX3D	ENSG00000181588_Stim48hr	12	10282	2	10	0	19	True	-3.32647	90.03	-3.89783	0.0827211	True
Stim48hr	INTS6	ENSG00000102786_Stim48hr	82	9147	24	58	0	0	True	-1.14391	54.75	-12.281	1.08637e-30	True
Stim48hr	SMARCA4	ENSG00000127616_Stim48hr	300	9775	173	127	25	0	True	-1.59923	66.99	-13.7019	1.01057e-38	True
Stim48hr	PTPN11	ENSG00000179295_Stim48hr	59	9773	19	40	13	13	True	-2.28345	79.46	-28.3055	3.02401e-172	True
Stim48hr	GNMT	ENSG00000124713_Stim48hr	16	10282	7	9	2	25	True	-1.63929	67.9	-1.60026	0.893732	False
Stim48hr	SMAD3	ENSG00000166949_Stim48hr	401	10282	120	281	2	5	True	0.231009	-17.37	1.99682	0.338499	False
Stim48hr	GCN1	ENSG00000089154_Stim48hr	277	8443	113	164	25	18	True	-3.24028	89.42	-16.4182	1.239e-56	True
Stim48hr	TAP1	ENSG00000168394_Stim48hr	11	9572	4	7	25	11	True	-1.40162	62.15	-17.3852	1.0635e-63	True
Stim48hr	TRIM25	ENSG00000121060_Stim48hr	43	9364	29	14	24	22	True	-3.58244	91.65	-26.6512	1.68377e-152	True
Stim48hr	EXOSC9	ENSG00000123737_Stim48hr	8	10282	2	6	2	1	True	-0.637737	35.73	-3.97173	0.100441	False
Stim48hr	SUN1	ENSG00000164828_Stim48hr	20	3951	12	9	25	13	True	-4.0822	94.1	-4.28983		True
Stim48hr	R3HCC1L	ENSG00000166024_Stim48hr	183	10212	30	153	0	0	True	-3.22384	89.3	-12.2828	1.22757e-30	True
Stim48hr	UBFD1	ENSG00000103353_Stim48hr	34	860	21	13	25	18	False					False
Stim48hr	SIRT7	ENSG00000187531_Stim48hr	16	10282	5	11	0	7	True	-0.51019	29.79	-4.50962	0.0110738	True
Stim48hr	TRIM39	ENSG00000204599_Stim48hr	38	10282	36	2	0	0	True	-3.07788	88.16	-4.47557	0.00689254	True
Stim48hr	PAN3	ENSG00000152520_Stim48hr	349	7003	146	203	0	1	True	-3.7507	92.57	-16.7172	7.13552e-59	True
Stim48hr	HMGB3	ENSG00000029993_Stim48hr	53	9145	39	14	17	8	True	-3.55315	91.48	-4.0328	0.0306968	True
Stim48hr	PTPN1	ENSG00000196396_Stim48hr	114	2048	37	77	25	25	True	-0.73142	39.77	-4.90222	0.000499629	True
Stim48hr	ARMC7	ENSG00000125449_Stim48hr	70	2995	25	46	14	19	True	-2.17109	77.8	-2.13258		True
Stim48hr	PLOD3	ENSG00000106397_Stim48hr	12	6766	7	5	2	3	True	-1.48913	64.38	-4.91407	0.00104444	True
Stim48hr	DDOST	ENSG00000244038_Stim48hr	26	2528	5	21	1	25	True	-0.805722	42.79	-3.32273	0.09654	True
Stim48hr	LSM10	ENSG00000181817_Stim48hr	61	10282	17	44	8	0	True	-1.22861	57.33	-4.66448	0.0031411	True
Stim48hr	SETD7	ENSG00000145391_Stim48hr	68	9773	22	46	0	2	True	-3.09564	88.3	-6.50485	7.94514e-07	True
Stim48hr	CHD2	ENSG00000173575_Stim48hr	32	4655	9	23	0	0	True	-2.64757	84.04	-20.196	5.10555e-87	True
Stim48hr	MBD2	ENSG00000134046_Stim48hr	186	10114	47	139	25	12	True	-1.80296	71.34	-9.98584	1.88249e-19	True
Stim48hr	EIF3K	ENSG00000178982_Stim48hr	288	9363	78	210	18	0	True	-2.21341	78.44	-20.646	5.15236e-91	True
Stim48hr	RAB23	ENSG00000112210_Stim48hr	6	10282	5	1	3	0	True	-1.4985	64.61	-5.2127	0.000588944	True
Stim48hr	RPL29	ENSG00000162244_Stim48hr	75	9364	24	51	20	24	False					False
Stim48hr	RPLP2	ENSG00000177600_Stim48hr	40	10116	4	36	25	4	False					False
Stim48hr	PSMC1	ENSG00000100764_Stim48hr	121	2759	45	76	24	8	True	-0.418593	25.18	-2.74029	0.113801	False
Stim48hr	YARS1	ENSG00000134684_Stim48hr	25	10282	9	16	17	25	True	-1.23406	57.49	-7.45993	1.09743e-09	True
Stim48hr	ZBTB47	ENSG00000114853_Stim48hr	13	10282	7	6	22	8	True	-2.02972	75.51	-1.76868	0.617133	False
Stim48hr	HSF1	ENSG00000185122_Stim48hr	72	4417	45	27	25	2	True	-0.245156	15.63	-2.42585	0.231137	False
Stim48hr	TRMT13	ENSG00000122435_Stim48hr	18	3951	9	10	4	11	True	-1.06344	52.15	-3.14908		True
Stim48hr	HNRNPD	ENSG00000138668_Stim48hr	641	8206	314	327	25	25	True	-1.71336	69.51	-36.7409	1.37849e-291	True
Stim48hr	RAB9B	ENSG00000123570_Stim48hr	25	10282	15	10	2	25	True	-0.246971	15.73	-0.261423	0.999935	False
Stim48hr	HSP90B1	ENSG00000166598_Stim48hr	61	2287	15	46	25	25	True	-0.56107	32.22	-7.40947	2.98369e-10	True
Stim48hr	RRP9	ENSG00000114767_Stim48hr	87	2289	38	49	25	18	True	0.162881	-11.95	0.532643		False
Stim48hr	CAB39	ENSG00000135932_Stim48hr	22	10282	6	16	1	10	True	-0.916032	47.0	-18.5445	1.14356e-72	True
Stim48hr	CANX	ENSG00000127022_Stim48hr	39	6758	17	22	1	2	True	-2.2621	79.15	-20.281	1.32754e-87	True
Stim48hr	RBMS2	ENSG00000076067_Stim48hr	14	10282	13	1	2	0	True	-2.19683	78.19	-5.57208	7.97501e-05	True
Stim48hr	RAF1	ENSG00000132155_Stim48hr	239	5813	95	144	2	0	True	-0.0322597	2.21	-0.381867	0.886386	False
Stim48hr	TP53	ENSG00000141510_Stim48hr	530	7961	301	229	25	16	True	-3.39344	90.48	-51.4729	0.0	True
Stim48hr	ARF1	ENSG00000143761_Stim48hr	7	10282	5	2	0	0	True	-0.436807	26.12	-9.80115	1.4105e-18	True
Stim48hr	TMEM33	ENSG00000109133_Stim48hr	85	5114	32	53	0	20	True	-3.53293	91.36	-18.9472	2.46839e-76	True
Stim48hr	NEMF	ENSG00000165525_Stim48hr	42	4425	14	28	25	25	True	-0.942473	47.97	-12.4502	6.37736e-32	True
Stim48hr	SCAPER	ENSG00000140386_Stim48hr	36	10282	16	20	5	9	True	-4.06264	94.02	-10.2694	1.17907e-20	True
Stim48hr	MTPAP	ENSG00000107951_Stim48hr	783	9363	272	511	25	25	True	-4.35162	95.1	-5.21576	8.47424e-05	True
Stim48hr	MRPL37	ENSG00000116221_Stim48hr	1147	7244	527	620	25	25	False					False
Stim48hr	MRPS35	ENSG00000061794_Stim48hr	823	6282	372	451	25	25	False					False
Stim48hr	MRPL16	ENSG00000166902_Stim48hr	360	5816	129	231	25	13	False					False
Stim48hr	MRPL45	ENSG00000278845_Stim48hr	695	7240	303	392	25	25	False					False
Stim48hr	TARS2	ENSG00000143374_Stim48hr	776	7725	293	483	25	25	True	-1.36641	61.21	-5.50449	1.13963e-05	True
Stim48hr	LARS2	ENSG00000011376_Stim48hr	601	7965	207	394	25	25	True	-0.440436	26.31	-2.50425	0.136693	False
Stim48hr	MRPS16	ENSG00000182180_Stim48hr	729	8437	331	398	25	7	False					False
Stim48hr	MRPL46	ENSG00000259494_Stim48hr	671	9580	223	448	25	5	False					False
Stim48hr	BCS1L	ENSG00000074582_Stim48hr	1337	9146	510	827	25	25	True	-2.45063	81.71	-5.57495	2.44476e-06	True
Stim48hr	PNPT1	ENSG00000138035_Stim48hr	1068	9769	363	705	25	25	True	-2.05872	76.0	-4.66037	0.000257769	True
Stim48hr	VARS2	ENSG00000137411_Stim48hr	1146	7962	504	642	25	25	True	-2.82065	85.85	-5.245	2.34308e-05	True
Stim48hr	MRPL43	ENSG00000055950_Stim48hr	437	6044	189	248	25	2	False					False
Stim48hr	MRPL2	ENSG00000112651_Stim48hr	505	8211	209	296	25	25	False					False
Stim48hr	MRPL21	ENSG00000197345_Stim48hr	625	5588	291	334	25	25	False					False
Stim48hr	SSBP1	ENSG00000106028_Stim48hr	1363	9951	536	827	25	25	True	-1.25128	57.99	-1.84612	0.261197	False
Stim48hr	LRPPRC	ENSG00000138095_Stim48hr	1925	9363	863	1062	25	25	True	-3.05661	87.98	-18.8372	3.64042e-75	True
Stim48hr	MRPS11	ENSG00000181991_Stim48hr	1394	8444	631	763	25	25	False					False
Stim48hr	MTG1	ENSG00000148824_Stim48hr	1893	8195	1025	868	25	16	True	-3.36218	90.28	-11.5791	4.46573e-27	True
Stim48hr	TFAM	ENSG00000108064_Stim48hr	2960	9362	1428	1532	25	25	True	-3.4377	90.77	-13.697	1.02776e-38	True
Stim48hr	MRPL42	ENSG00000198015_Stim48hr	975	8434	402	573	25	25	False					False
Stim48hr	NSUN4	ENSG00000117481_Stim48hr	1025	7486	482	543	25	5	True	-3.00164	87.51	-8.20379	9.03732e-13	True
Stim48hr	CARS2	ENSG00000134905_Stim48hr	1058	8200	480	578	25	25	True	-3.79889	92.82	-8.68925	3.09789e-14	True
Stim48hr	MRPS25	ENSG00000131368_Stim48hr	1271	8910	620	651	25	25	False					False
Stim48hr	GRSF1	ENSG00000132463_Stim48hr	1848	8433	1074	774	25	25	True	-3.55349	91.48	-30.8986	1.09098e-205	True
Stim48hr	GTPBP10	ENSG00000105793_Stim48hr	1003	8450	638	365	25	8	True	-3.02342	87.7	-11.8611	1.6502e-28	True
Stim48hr	ATP5PO	ENSG00000241837_Stim48hr	1156	7960	605	552	25	16	True	-3.29162	89.79	-3.89656		True
Stim48hr	MCAT	ENSG00000100294_Stim48hr	779	8434	484	295	25	5	True	-2.5189	82.55	-6.41879	4.00006e-07	True
Stim48hr	PMVK	ENSG00000163344_Stim48hr	3527	10111	1625	1902	25	25	True	-3.13644	88.63	-10.6253	1.05701e-23	True
Stim48hr	POLG2	ENSG00000256525_Stim48hr	615	7484	216	399	25	25	True	-2.47623	82.03	-3.41738	0.019153	True
Stim48hr	RNASEH1	ENSG00000171865_Stim48hr	627	5351	310	317	25	25	True	-1.70001	69.22	-10.1239	2.40158e-20	True
Stim48hr	AIFM1	ENSG00000156709_Stim48hr	997	6763	452	545	25	25	True	-2.23858	78.81	-7.33423	1.95737e-10	True
Stim48hr	MRPL18	ENSG00000112110_Stim48hr	664	7724	286	378	25	25	False					False
Stim48hr	MRPL11	ENSG00000174547_Stim48hr	1410	8675	692	718	25	25	False					False
Stim48hr	MRPS15	ENSG00000116898_Stim48hr	975	7478	456	519	25	25	False					False
Stim48hr	MRPS24	ENSG00000062582_Stim48hr	949	7962	418	531	25	25	False					False
Stim48hr	MRPS17	ENSG00000239789_Stim48hr	1210	9950	457	753	25	25	False					False
Stim48hr	MRPS23	ENSG00000181610_Stim48hr	748	7482	296	452	20	14	False					False
Stim48hr	MRPL3	ENSG00000114686_Stim48hr	635	6049	285	350	25	2	False					False
Stim48hr	RBFA	ENSG00000101546_Stim48hr	1165	9364	450	715	25	25	True	-3.3252	90.02	-6.67486	1.85065e-08	True
Stim48hr	WARS2	ENSG00000116874_Stim48hr	938	7485	437	501	25	25	True	-1.8984	73.18	-7.33926	4.16621e-10	True
Stim48hr	MRPS34	ENSG00000074071_Stim48hr	244	4652	99	145	25	12	False					False
Stim48hr	TEFM	ENSG00000172171_Stim48hr	87	6762	39	48	18	25	True	-1.38978	61.84	-5.63196	2.50196e-05	True
Stim48hr	PARS2	ENSG00000162396_Stim48hr	547	7966	221	327	9	25	True	-2.89441	86.55	-2.63843		True
Stim48hr	MRPS26	ENSG00000125901_Stim48hr	223	7484	69	154	25	25	False					False
Stim48hr	TUFM	ENSG00000178952_Stim48hr	475	6047	192	283	25	25	True	-1.99524	74.92	-11.9473	4.21557e-29	True
Stim48hr	MRPL33	ENSG00000243147_Stim48hr	561	6279	251	310	25	25	False					False
Stim48hr	MRPS21	ENSG00000266472_Stim48hr	683	7485	254	429	25	25	False					False
Stim48hr	MRPS31	ENSG00000102738_Stim48hr	326	7727	127	199	3	0	False					False
Stim48hr	MTERF3	ENSG00000156469_Stim48hr	439	6523	187	252	25	9	True	-2.5056	82.39	-6.75725	4.76463e-08	True
Stim48hr	EARS2	ENSG00000103356_Stim48hr	407	7721	138	269	10	25	True	-3.25971	89.56	-5.09723	0.000102107	True
Stim48hr	HSD17B10	ENSG00000072506_Stim48hr	339	5814	156	183	25	25	True	-0.967773	48.87	-8.14879	2.21916e-12	True
Stim48hr	MRPL14	ENSG00000180992_Stim48hr	580	9954	137	443	15	9	False					False
Stim48hr	ACAD9	ENSG00000177646_Stim48hr	606	7488	310	296	1	2	True	-2.80059	85.65	-13.7678	3.09093e-39	True
Stim48hr	GATB	ENSG00000059691_Stim48hr	294	8198	124	170	25	1	True	-2.44284	81.61	-6.06225	1.13945e-05	True
Stim48hr	MRPL9	ENSG00000143436_Stim48hr	162	5115	89	73	25	0	False					False
Stim48hr	PTCD2	ENSG00000049883_Stim48hr	699	7002	370	330	25	25	True	-4.86134	96.56	-4.00026		True
Stim48hr	TFB1M	ENSG00000029639_Stim48hr	865	7476	508	357	25	2	True	-3.09088	88.26	-11.7972	3.12748e-28	True
Stim48hr	RPUSD3	ENSG00000156990_Stim48hr	1237	7722	732	505	24	0	True	-2.54658	82.88	-13.1059	2.43676e-35	True
Stim48hr	RCC1L	ENSG00000274523_Stim48hr	1166	8441	638	528	25	7	True	-2.10102	76.69	-14.3999	4.53075e-43	True
Stim48hr	TSFM	ENSG00000123297_Stim48hr	366	8912	189	177	19	25	True	-2.7153	84.77	-12.7608	2.50659e-33	True
Stim48hr	RBM10	ENSG00000182872_Stim48hr	1504	8439	814	690	25	25	True	-3.23538	89.38	-19.1388	1.04906e-77	True
Stim48hr	MRPL50	ENSG00000136897_Stim48hr	391	7726	218	173	25	1	False					False
Stim48hr	MRPL52	ENSG00000172590_Stim48hr	262	4179	138	124	25	9	False					False
Stim48hr	MRM2	ENSG00000122687_Stim48hr	38	3228	24	15	5	6	True	-3.35561	90.23	-16.6155		True
Stim48hr	MRPL17	ENSG00000158042_Stim48hr	122	3228	56	66	0	20	False					False
Stim48hr	SLIRP	ENSG00000119705_Stim48hr	27	10282	16	11	21	12	True	-2.0634	76.07	-11.292	1.82294e-25	True
Stim48hr	MTIF2	ENSG00000085760_Stim48hr	310	5812	179	131	25	0	True	-2.18033	77.94	-16.7091	6.7924e-59	True
Stim48hr	TRUB2	ENSG00000167112_Stim48hr	184	6285	108	76	25	5	True	-1.43242	62.95	-10.3186	3.79014e-21	True
Stim48hr	MRPL22	ENSG00000082515_Stim48hr	8	10282	5	3	7	1	False					False
Stim48hr	MRPS10	ENSG00000048544_Stim48hr	196	5816	98	98	18	0	False					False
Stim48hr	LIG3	ENSG00000005156_Stim48hr	1176	8439	594	582	8	25	True	-2.40887	81.17	-6.98012	1.28895e-08	True
Stim48hr	MRPS7	ENSG00000125445_Stim48hr	359	6042	171	188	5	0	False					False
Stim48hr	NGRN	ENSG00000182768_Stim48hr	175	8913	87	88	9	1	True	-1.94892	74.1	-7.28597	2.94934e-09	True
Stim48hr	MRPL58	ENSG00000167862_Stim48hr	136	8906	58	78	4	16	False					False
Stim48hr	MRRF	ENSG00000148187_Stim48hr	296	7484	153	143	0	5	True	-3.40392	90.55	-9.84706	2.73778e-19	True
Stim48hr	MRPL49	ENSG00000149792_Stim48hr	126	2288	49	77	15	25	False					False
Stim48hr	MRPS14	ENSG00000120333_Stim48hr	105	6051	30	75	7	25	False					False
Stim48hr	SUPV3L1	ENSG00000156502_Stim48hr	65	6044	5	60	9	25	True	-0.520523	30.29	-3.60874	0.0449442	True
Stim48hr	C2orf15	ENSG00000273045_Stim48hr	266	8204	140	127	1	25	True	-0.121046	8.05	-0.117899		True
Stim48hr	MRPS18B	ENSG00000204568_Stim48hr	487	9956	188	299	3	0	False					False
Stim48hr	DHX30	ENSG00000132153_Stim48hr	276	7000	132	144	6	0	True	-1.42291	62.7	-9.96752	7.67828e-20	True
Stim48hr	MRPL23	ENSG00000214026_Stim48hr	22	10282	6	16	13	25	False					False
Stim48hr	MRPS22	ENSG00000175110_Stim48hr	117	6045	54	63	0	11	False					False
Stim48hr	MARS2	ENSG00000247626_Stim48hr	27	4885	14	14	14	21	True	-0.663356	36.86	-0.853597		True
Stim48hr	NARS2	ENSG00000137513_Stim48hr	170	6048	70	100	0	25	True	-2.42455	81.37	-9.54112	8.88034e-18	True
Stim48hr	HEXIM1	ENSG00000186834_Stim48hr	1357	9139	550	807	25	25	True	-1.82276	71.73	-12.2242	2.18726e-30	True
Stim48hr	MRPS2	ENSG00000122140_Stim48hr	573	9142	147	426	25	25	False					False
Stim48hr	MRPS9	ENSG00000135972_Stim48hr	272	8441	69	203	1	11	False					False
Stim48hr	COQ3	ENSG00000132423_Stim48hr	357	9149	94	263	7	0	True	-2.11159	76.86	-4.30036	0.0030132	True
Stim48hr	FASTKD5	ENSG00000215251_Stim48hr	320	9951	142	178	18	5	True	-1.60798	67.19	-11.779	5.23722e-28	True
Stim48hr	ACTR2	ENSG00000138071_Stim48hr	1048	9951	386	662	25	25	True	-2.53576	82.76	-17.5462	6.64933e-65	True
Stim48hr	CMTR2	ENSG00000180917_Stim48hr	460	10212	87	373	25	0	True	-1.78617	71.01	-1.80756	0.433199	False
Stim48hr	COA6	ENSG00000168275_Stim48hr	105	9952	11	94	25	25	True	-1.92939	73.75	-18.9918	2.08494e-76	True
Stim48hr	PARP2	ENSG00000129484_Stim48hr	148	1815	62	87	1	25	True	-3.0873	88.23	-4.93629		True
Stim48hr	CTNNB1	ENSG00000168036_Stim48hr	59	3464	22	38	11	0	True	-0.858615	44.85	-4.45646		True
Stim48hr	SERF2	ENSG00000140264_Stim48hr	36	6763	20	16	25	25	True	-3.24305	89.44	-14.3205	1.14482e-42	True
Stim48hr	PRORP	ENSG00000100890_Stim48hr	114	5352	36	78	0	1	True	-0.498382	29.21	-4.26949	0.00724516	True
Stim48hr	TFB2M	ENSG00000162851_Stim48hr	12	10282	2	10	0	25	True	-1.49126	64.43	-7.67759	2.05459e-10	True
Stim48hr	MRPL32	ENSG00000106591_Stim48hr	85	6043	41	44	25	0	False					False
Stim48hr	NOA1	ENSG00000084092_Stim48hr	87	3229	24	63	1	12	True	-2.61034	83.62	-17.5809	1.15103e-65	True
Stim48hr	MRPL36	ENSG00000171421_Stim48hr	10	10282	5	5	1	9	False					False
Stim48hr	MRPL47	ENSG00000136522_Stim48hr	21	10282	9	12	4	1	False					False
Stim48hr	NDUFS1	ENSG00000023228_Stim48hr	25	10108	8	17	3	1	True	-2.64736	84.04	-22.8461	1.70919e-111	True
Stim48hr	TMEM63B	ENSG00000137216_Stim48hr	7	10282	2	5	0	0	True	-2.39153	80.94	-4.34472	0.0363315	True
Stim48hr	CS	ENSG00000062485_Stim48hr	310	9770	118	192	0	25	True	-3.16849	88.88	-2.3533	0.244872	False
Stim48hr	MRPL24	ENSG00000143314_Stim48hr	9	10282	4	5	0	0	False					False
Stim48hr	YY1	ENSG00000100811_Stim48hr	473	9150	252	221	0	0	True	-0.558811	32.11	-6.94347	9.07116e-09	True
Stim48hr	METTL1	ENSG00000037897_Stim48hr	1282	9776	481	801	25	25	True	-1.88112	72.85	-3.66625	0.0070687	True
Stim48hr	MRPS6	ENSG00000243927_Stim48hr	473	8912	103	370	25	25	False					False
Stim48hr	ATP5F1A	ENSG00000152234_Stim48hr	1020	7242	622	398	25	23	True	-1.51371	64.98	-14.6642	8.21093e-45	True
Stim48hr	FARS2	ENSG00000145982_Stim48hr	423	4177	227	197	25	25	True	-2.20721	78.34	-3.87458		True
Stim48hr	MRPS12	ENSG00000128626_Stim48hr	414	4887	200	214	25	25	False					False
Stim48hr	IBA57	ENSG00000181873_Stim48hr	918	8444	435	483	25	13	True	-2.36223	80.55	-3.95338	0.00442741	True
Stim48hr	PITRM1	ENSG00000107959_Stim48hr	855	6284	450	405	25	12	True	-2.50464	82.38	-10.4543	9.14105e-22	True
Stim48hr	MTRF1L	ENSG00000112031_Stim48hr	7	10282	3	4	1	1	True	-1.98594	74.76	-10.556	6.03274e-22	True
Stim48hr	SUGT1	ENSG00000165416_Stim48hr	389	3706	158	231	25	25	True	-0.85202	44.6	-4.11691	0.00349973	True
Stim48hr	UQCRC2	ENSG00000140740_Stim48hr	123	3462	76	47	25	25	True	-1.43561	63.03	-9.21377	1.12751e-16	True
Stim48hr	MRPL19	ENSG00000115364_Stim48hr	80	2285	52	28	21	25	False					False
Stim48hr	MRPS18C	ENSG00000163319_Stim48hr	53	1098	35	18	25	25	False					False
Stim48hr	EIF1B	ENSG00000114784_Stim48hr	74	2995	27	47	25	0	True	-3.02914	87.75	-11.9492	2.02627e-29	True
Stim48hr	MRPL53	ENSG00000204822_Stim48hr	59	3942	34	25	17	25	False					False
Stim48hr	MRPL39	ENSG00000154719_Stim48hr	347	5817	165	182	20	15	False					False
Stim48hr	QRSL1	ENSG00000130348_Stim48hr	268	6049	142	126	25	25	True	-1.78548	70.99	-8.34291	4.55709e-13	True
Stim48hr	TRMT10C	ENSG00000174173_Stim48hr	341	6523	136	205	25	25	True	-1.32387	60.05	-7.99418	2.20971e-12	True
Stim48hr	COA3	ENSG00000183978_Stim48hr	533	5116	242	291	25	25	True	-2.05333	75.91	-6.155	7.96256e-07	True
Stim48hr	MRPS5	ENSG00000144029_Stim48hr	232	6282	79	153	25	25	False					False
Stim48hr	HRAS	ENSG00000174775_Stim48hr	139	2524	83	57	25	25	True	-3.62176	91.88	-9.13532		True
Stim48hr	NFIX	ENSG00000008441_Stim48hr	424	6050	245	179	25	11	True	0.221101	-16.56	0.204663		False
Stim48hr	EIF4E2	ENSG00000135930_Stim48hr	34	861	21	14	25	25	True	-0.377555	23.03	-5.34559		True
Stim48hr	MTHFD1	ENSG00000100714_Stim48hr	1187	10276	260	927	25	20	True	-1.99565	74.92	-6.72174	8.73882e-09	True
Stim48hr	FAM98B	ENSG00000171262_Stim48hr	1427	9365	545	882	25	25	True	-2.39763	81.02	-13.8126	1.03991e-39	True
Stim48hr	RTRAF	ENSG00000087302_Stim48hr	580	10210	148	432	25	7	True	-1.64146	67.95	-5.40052	1.81852e-05	True
Stim48hr	IMPDH2	ENSG00000178035_Stim48hr	1054	9951	334	720	25	25	True	-3.95863	93.57	-6.68148	7.97856e-09	True
Stim48hr	TBCA	ENSG00000171530_Stim48hr	286	4418	119	167	25	25	False					False
Stim48hr	ADAT3	ENSG00000213638_Stim48hr	513	8680	176	337	25	25	False					False
Stim48hr	RIDA	ENSG00000132541_Stim48hr	553	5811	229	324	25	25	True	-3.0454	87.89	-4.34879	0.00111623	True
Stim48hr	NUP42	ENSG00000136243_Stim48hr	89	7484	29	60	25	1	True	-1.32239	60.01	-8.34053	5.73767e-13	True
Stim48hr	ACSL3	ENSG00000123983_Stim48hr	53	1333	34	20	25	25	True	-3.35025	90.19	-16.873		True
Stim48hr	PRKDC	ENSG00000253729_Stim48hr	260	4418	124	136	10	25	True	-4.15954	94.4	-11.0278	6.40726e-25	True
Stim48hr	APEX1	ENSG00000100823_Stim48hr	109	10275	37	72	25	14	True	-2.23754	78.8	-19.3454	2.49375e-79	True
Stim48hr	NUP35	ENSG00000163002_Stim48hr	34	8202	14	20	6	0	True	-2.86363	86.26	-14.4423	2.37998e-43	True
Stim48hr	SZRD1	ENSG00000055070_Stim48hr	318	6049	155	163	25	1	True	-1.4419	63.19	-17.6515	6.22766e-66	True
Stim48hr	YARS2	ENSG00000139131_Stim48hr	41	1097	27	15	6	25	True	-0.832779	43.86	-9.13404		True
Stim48hr	ZRANB2	ENSG00000132485_Stim48hr	171	7487	100	71	3	0	True	-2.65715	84.15	-16.5102	2.40409e-57	True
Stim48hr	AKAP1	ENSG00000121057_Stim48hr	7	10282	4	3	16	0	True	-3.10731	88.4	-12.8334	1.35106e-33	True
Stim48hr	NABP2	ENSG00000139579_Stim48hr	29	5113	20	9	15	25	True	-3.40026	90.53	-25.1416	9.25541e-136	True
Stim48hr	HTT	ENSG00000197386_Stim48hr	133	7243	76	57	25	1	True	-2.11806	76.96	-22.7239	1.95333e-110	True
Stim48hr	KGD4	ENSG00000134056_Stim48hr	468	7000	259	209	25	0	False					False
Stim48hr	TNRC6A	ENSG00000090905_Stim48hr	1546	8907	710	836	25	0	True	-2.57642	83.23	-7.76337	2.54421e-11	True
Stim48hr	KAT2B	ENSG00000114166_Stim48hr	44	9774	23	21	23	18	True	-1.41047	62.38	-9.47722	2.66767e-17	True
Stim48hr	KNOP1	ENSG00000103550_Stim48hr	34	9369	16	18	25	25	True	-2.52874	82.67	-12.1904	3.40324e-30	True
Stim48hr	TENT2	ENSG00000164329_Stim48hr	60	2286	24	36	1	0	True	-2.14156	77.34	-21.8813	9.20828e-103	True
Stim48hr	SND1	ENSG00000197157_Stim48hr	362	5347	197	165	25	25	True	-3.27878	89.7	-22.5515	7.18791e-109	True
Stim48hr	CNOT6L	ENSG00000138767_Stim48hr	108	4886	66	42	25	4	True	-1.15292	55.03	-15.593	4.10506e-51	True
Stim48hr	AFF1	ENSG00000172493_Stim48hr	29	9774	13	16	16	25	True	-0.197092	12.77	-2.89339	0.197635	False
Stim48hr	RPL26L1	ENSG00000037241_Stim48hr	6	10282	3	3	1	0	False					False
Stim48hr	RRAGA	ENSG00000155876_Stim48hr	1731	9138	800	931	25	25	True	-2.56828	83.14	-8.1371	5.47772e-13	True
Stim48hr	NUSAP1	ENSG00000137804_Stim48hr	37	3702	18	19	25	25	True	-1.93208	73.79	-17.5998	9.45962e-66	True
Stim48hr	SRSF11	ENSG00000116754_Stim48hr	87	7962	36	51	19	25	True	-1.20164	56.52	-5.29184	0.000332836	True
Stim48hr	TRIM22	ENSG00000132274_Stim48hr	11	10282	3	8	0	25	True	-2.63965	83.95	-10.1602	3.7784e-20	True
Stim48hr	ZSCAN32	ENSG00000140987_Stim48hr	24	9575	11	13	25	15	True	-2.59659	83.47	-7.9598	1.71725e-11	True
Stim48hr	RAB14	ENSG00000119396_Stim48hr	40	4889	21	19	25	25	True	-1.82454	71.77	-22.819	1.50131e-111	True
Stim48hr	ZFP64	ENSG00000020256_Stim48hr	25	10282	5	20	9	25	True	-3.61591	91.84	-10.2411	1.54862e-20	True
Stim48hr	ASH1L	ENSG00000116539_Stim48hr	7	10282	7	0	3	0	True	-0.899264	46.38	-10.1182	5.8139e-20	True
Stim48hr	PGM1	ENSG00000079739_Stim48hr	10	10282	4	6	0	9	True	-3.0745	88.13	-15.7482	8.9605e-52	True
Stim48hr	MDM4	ENSG00000198625_Stim48hr	60	6762	23	37	5	25	True	-3.11271	88.44	-15.9293	2.78435e-53	True
Stim48hr	ZNF559	ENSG00000188321_Stim48hr	13	3945	3	11	1	12	True	-2.22454	78.6	-2.71248		True
Stim48hr	CCDC9	ENSG00000105321_Stim48hr	39	9958	6	33	5	0	True	-3.52109	91.29	-10.2682	1.02532e-20	True
Stim48hr	DEDD2	ENSG00000160570_Stim48hr	17	2526	10	8	4	2	True	-2.56902	83.15	-7.69897		True
Stim48hr	CMIP	ENSG00000153815_Stim48hr	13	6041	1	12	0	25	True	-2.26574	79.21	-11.5269	6.06314e-27	True
Stim48hr	LRRFIP1	ENSG00000124831_Stim48hr	16	10282	2	14	0	18	True	-0.795479	42.38	-7.77241	9.74952e-11	True
Stim48hr	RNASEH2A	ENSG00000104889_Stim48hr	101	4181	35	67	19	25	True	-2.51223	82.47	-2.64408		True
Stim48hr	EIF1	ENSG00000173812_Stim48hr	504	10115	179	325	20	25	True	-1.74909	70.25	-25.7755	1.79026e-142	True
Stim48hr	PRKRA	ENSG00000180228_Stim48hr	74	10207	25	49	23	8	True	-2.3375	80.21	-23.3682	9.84995e-117	True
Stim48hr	LRBA	ENSG00000198589_Stim48hr	222	10114	27	195	25	25	True	-2.54157	82.82	-17.5332	8.56265e-65	True
Stim48hr	RAB1A	ENSG00000138069_Stim48hr	78	7003	25	53	25	25	True	-2.59301	83.43	-13.4771	1.55078e-37	True
Stim48hr	DDX60L	ENSG00000181381_Stim48hr	66	618	29	38	25	25	True	-3.66241	92.1	-6.00147		True
Stim48hr	ERCC6L2	ENSG00000182150_Stim48hr	16	8912	7	9	25	0	True	-2.89441	86.55	-12.4836	8.47357e-32	True
Stim48hr	IRF4	ENSG00000137265_Stim48hr	498	10207	178	320	12	25	True	-0.147068	9.69	-1.5148	0.53218	False
Stim48hr	TASOR	ENSG00000163946_Stim48hr	359	10282	102	257	0	2	True	-3.46109	90.92	-27.7965	5.46631e-166	True
Stim48hr	PPHLN1	ENSG00000134283_Stim48hr	430	10276	122	308	25	0	True	-2.34682	80.34	-20.6259	8.98525e-91	True
Stim48hr	CNP	ENSG00000173786_Stim48hr	13	10282	11	2	2	0	True	-3.22682	89.32	-15.4684	7.18023e-50	True
Stim48hr	PHF6	ENSG00000156531_Stim48hr	211	7725	90	121	24	6	True	-3.88326	93.22	-11.6362	2.16017e-27	True
Stim48hr	ABCE1	ENSG00000164163_Stim48hr	8	10282	1	7	0	4	True	-0.351712	21.63	-2.06314	0.688115	False
Stim48hr	USO1	ENSG00000138768_Stim48hr	170	9365	51	119	25	1	True	-3.38819	90.45	-8.09317	5.6527e-12	True
Stim48hr	CRIPT	ENSG00000119878_Stim48hr	33	5591	10	23	25	25	True	-2.85011	86.13	-15.5581	4.06092e-51	True
Stim48hr	SHFL	ENSG00000130813_Stim48hr	8	10282	6	2	10	0	True	-4.48302	95.53	-9.92045	4.30155e-19	True
Stim48hr	CAPZA1	ENSG00000116489_Stim48hr	52	10282	9	43	1	13	True	-1.84987	72.26	-20.4098	1.63468e-88	True
Stim48hr	EWSR1	ENSG00000182944_Stim48hr	1777	9776	678	1099	25	25	True	-3.36521	90.3	-25.4289	1.23347e-138	True
Stim48hr	WT1	ENSG00000184937_Stim48hr	9	10282	8	1	2	0	False					False
Stim48hr	PRMT9	ENSG00000164169_Stim48hr	30	6046	16	15	11	7	True	-4.0315	93.88	-5.86514		True
Stim48hr	DIAPH1	ENSG00000131504_Stim48hr	10	10282	1	9	0	1	True	-2.34219	80.28	-23.0142	4.26241e-113	True
Stim48hr	FMR1	ENSG00000102081_Stim48hr	115	3228	51	65	17	25	True	-2.04034	75.69	-5.43694		True
Stim48hr	UBE2L3	ENSG00000185651_Stim48hr	1070	10282	277	793	1	25	True	-2.37238	80.69	-28.1516	2.6758e-170	True
Stim48hr	PA2G4	ENSG00000170515_Stim48hr	24	10207	3	21	5	25	True	-2.27727	79.37	-16.4174	1.5719e-56	True
Stim48hr	HELLS	ENSG00000119969_Stim48hr	27	7966	11	16	0	25	True	-2.94548	87.02	-40.2099	0.0	True
Stim48hr	SMARCA5	ENSG00000153147_Stim48hr	135	10282	33	102	17	3	True	-1.4119	62.42	-8.63472	6.738e-14	True
Stim48hr	RNASEH2B	ENSG00000136104_Stim48hr	23	4182	16	8	25	25	True	-2.84517	86.08	-2.79537		True
Stim48hr	USP36	ENSG00000055483_Stim48hr	41	860	25	17	25	10	True	-0.319373	19.86	-0.799417		True
Stim48hr	ASXL1	ENSG00000171456_Stim48hr	8	10282	4	4	0	0	True	-2.38106	80.8	-35.8081	1.04771e-276	True
Stim48hr	SARNP	ENSG00000205323_Stim48hr	62	9956	30	32	6	15	True	-0.995037	49.83	-14.7428	3.57961e-45	True
Stim48hr	CLUH	ENSG00000132361_Stim48hr	102	7239	83	19	25	11	True	-2.07734	76.3	-8.77614	1.81531e-15	True
Stim48hr	NOL12	ENSG00000273899_Stim48hr	29	10276	6	23	7	15	True	-0.547055	31.56	-1.47807	0.766942	False
Stim48hr	DIS3L2	ENSG00000144535_Stim48hr	17	10282	6	11	8	6	True	-3.2407	89.42	-11.3702	7.16672e-26	True
Stim48hr	RCAN3	ENSG00000117602_Stim48hr	14	10282	5	9	0	19	True	-3.16561	88.86	-17.8108	7.37884e-67	True
Stim48hr	DZIP1	ENSG00000134874_Stim48hr	38	10282	4	34	10	8	True	-1.29328	59.2	-0.963809	0.938596	False
Stim48hr	MAPK14	ENSG00000112062_Stim48hr	105	10282	22	83	25	0	True	-3.95351	93.55	-21.5839	3.0377e-99	True
Stim48hr	CPSF6	ENSG00000111605_Stim48hr	1389	10108	439	950	23	7	True	-1.41821	62.58	-5.58531	2.74308e-06	True
Stim48hr	DDX6	ENSG00000110367_Stim48hr	1154	9775	333	821	25	5	True	-1.55552	65.98	-15.7647	5.56418e-52	True
Stim48hr	INPP5D	ENSG00000168918_Stim48hr	535	10118	184	351	0	25	True	-3.58542	91.67	-24.3666	4.14484e-127	True
Stim48hr	CDK13	ENSG00000065883_Stim48hr	889	9958	480	409	0	8	True	-2.79545	85.6	-14.6156	2.33608e-44	True
Stim48hr	LEO1	ENSG00000166477_Stim48hr	1790	9137	820	970	19	25	True	-2.663	84.21	-10.5956	2.95883e-22	True
Stim48hr	IWS1	ENSG00000163166_Stim48hr	409	8439	179	230	0	25	True	-2.76275	85.27	-13.9013	5.43699e-40	True
Stim48hr	ZBTB40	ENSG00000184677_Stim48hr	8	10282	4	4	0	2	True	-4.79946	96.41	-5.58367	3.72822e-05	True
Stim48hr	SMG7	ENSG00000116698_Stim48hr	904	9778	183	721	25	0	True	-1.87622	72.76	-4.49044	0.000413884	True
Stim48hr	UPF2	ENSG00000151461_Stim48hr	485	9774	90	395	25	0	True	-1.1789	55.83	-6.29302	1.98751e-07	True
Stim48hr	SMG1	ENSG00000157106_Stim48hr	1704	10209	354	1350	25	0	True	-0.965773	48.8	-4.47885	0.000264135	True
Stim48hr	SMG8	ENSG00000167447_Stim48hr	644	9141	227	417	10	1	True	-2.43658	81.53	-10.6605	2.10822e-23	True
Stim48hr	LARP4	ENSG00000161813_Stim48hr	66	3462	55	11	25	25	True	-2.71147	84.73	-21.598	6.7212e-100	True
Stim48hr	CCDC59	ENSG00000133773_Stim48hr	18	10113	2	16	2	18	True	-1.35978	61.04	-7.41765	1.27635e-09	True
Stim48hr	SMAD4	ENSG00000141646_Stim48hr	73	9148	25	48	25	25	True	-3.19491	89.08	-16.2497	2.12745e-55	True
Stim48hr	HERC2	ENSG00000128731_Stim48hr	32	10282	3	29	3	17	True	-3.87137	93.17	-2.93888	0.356486	False
Stim48hr	BCLAF1	ENSG00000029363_Stim48hr	114	8910	51	63	25	0	True	-2.68243	84.42	-11.9691	4.7626e-29	True
Stim48hr	L3MBTL3	ENSG00000198945_Stim48hr	46	10282	0	46	0	25	True	-0.890299	46.05	-4.08173	0.0193575	True
Stim48hr	ELP5	ENSG00000170291_Stim48hr	206	7722	91	115	15	0	True	-2.92278	86.81	-12.9074	3.26985e-34	True
Stim48hr	G3BP1	ENSG00000145907_Stim48hr	429	7968	194	235	25	25	False					False
Stim48hr	INTS14	ENSG00000138614_Stim48hr	713	10109	239	474	11	18	True	-0.935927	47.73	-4.74473	0.000343689	True
Stim48hr	INTS10	ENSG00000104613_Stim48hr	2075	10113	785	1290	25	0	True	-3.86159	93.12	-15.5929	2.17823e-51	True
Stim48hr	INTS13	ENSG00000064102_Stim48hr	1072	9771	416	656	0	0	True	-2.74799	85.11	-17.0706	2.50654e-61	True
Stim48hr	SHQ1	ENSG00000144736_Stim48hr	46	10282	7	39	25	0	True	-0.197033	12.77	-0.399019	0.998439	False
Stim48hr	IPO9	ENSG00000198700_Stim48hr	257	10105	45	212	25	0	True	-1.35013	60.77	-5.22833	0.000304868	True
Stim48hr	NAF1	ENSG00000145414_Stim48hr	81	9140	11	70	11	1	True	-2.4295	81.44	-2.22195	0.4514	False
Stim48hr	EEF2K	ENSG00000103319_Stim48hr	6	10282	2	4	0	15	True	-3.17147	88.9	-8.48383	2.76119e-13	True
Stim48hr	POLR3H	ENSG00000100413_Stim48hr	28	10282	2	26	0	12	True	-0.977541	49.22	-1.49453	0.982365	False
Stim48hr	TRMT61A	ENSG00000166166_Stim48hr	49	1097	25	25	25	25	True	-1.83793	72.03	-3.0093		True
Stim48hr	OTUB1	ENSG00000167770_Stim48hr	119	10113	35	84	25	0	True	-1.79876	71.26	-13.7622	4.60791e-39	True
Stim48hr	RPUSD1	ENSG00000007376_Stim48hr	224	10113	62	162	25	4	True	-2.05406	75.92	-3.46459	0.047771	True
Stim48hr	PCYT2	ENSG00000185813_Stim48hr	684	9576	196	488	25	25	True	-2.3236	80.02	-7.06738	3.93442e-09	True
Stim48hr	GARS1	ENSG00000106105_Stim48hr	55	1814	19	37	25	0	True	-1.19856	56.43	-4.70054		True
Stim48hr	METTL3	ENSG00000165819_Stim48hr	37	10276	3	34	3	25	True	-0.601467	34.09	-3.27689	0.186422	False
Stim48hr	MTA2	ENSG00000149480_Stim48hr	1171	10282	389	782	0	25	True	-1.72948	69.84	-13.7672	4.59531e-39	True
Stim48hr	CHD7	ENSG00000171316_Stim48hr	1029	10275	265	764	25	25	True	-1.68658	68.93	-8.40863	4.64196e-13	True
Stim48hr	STIP1	ENSG00000168439_Stim48hr	1445	10109	617	828	25	1	True	-3.84881	93.06	-18.1057	3.07422e-69	True
Stim48hr	ENO1	ENSG00000074800_Stim48hr	358	5114	150	208	25	21	True	-1.77442	70.77	-22.636	1.01487e-109	True
Stim48hr	PKM	ENSG00000067225_Stim48hr	201	6282	66	135	25	25	True	-0.719889	39.29	-10.2629	6.75587e-21	True
Stim48hr	KDM1A	ENSG00000004487_Stim48hr	2912	10282	1018	1894	25	25	True	-3.97597	93.65	-18.5752	5.95909e-73	True
Stim48hr	CREBBP	ENSG00000005339_Stim48hr	1956	10113	808	1148	25	0	True	-2.20299	78.28	-18.1272	2.08144e-69	True
Stim48hr	EP300	ENSG00000100393_Stim48hr	177	9147	56	121	0	14	True	-0.643263	35.97	-14.0628	6.09463e-41	True
Stim48hr	CFAP20	ENSG00000070761_Stim48hr	1292	9772	465	827	25	5	True	-3.15767	88.79	-7.86392	5.43128e-12	True
Stim48hr	GART	ENSG00000159131_Stim48hr	58	10209	3	55	0	25	True	-0.789717	42.15	-5.85546	2.60368e-05	True
Stim48hr	CNOT9	ENSG00000144580_Stim48hr	63	5114	21	42	21	22	True	-0.859213	44.87	-6.12463	4.81752e-06	True
Stim48hr	FANCM	ENSG00000187790_Stim48hr	11	10282	3	8	0	4	True	-0.986884	49.54	-5.03209	0.003073	True
Stim48hr	LSM12	ENSG00000161654_Stim48hr	519	4185	253	266	25	16	True	-2.76119	85.25	-14.501	5.16216e-44	True
Stim48hr	ZC3H10	ENSG00000135482_Stim48hr	359	9954	99	260	0	0	True	-3.59095	91.7	-9.24166	2.53892e-16	True
Stim48hr	DENR	ENSG00000139726_Stim48hr	1482	9583	569	913	25	4	True	-1.97745	74.61	-21.602	1.7171e-99	True
Stim48hr	MCTS1	ENSG00000232119_Stim48hr	1183	9376	471	712	25	25	True	-2.66243	84.2	-31.8204	3.29643e-218	True
Stim48hr	RNASEK	ENSG00000219200_Stim48hr	36	6279	11	25	25	12	True	-0.0757668	5.12	-0.474845	0.928781	False
Stim48hr	TENT5C	ENSG00000183508_Stim48hr	65	10282	9	56	0	9	True	-2.10352	76.73	-9.78932	1.43181e-18	True
Stim48hr	KRR1	ENSG00000111615_Stim48hr	41	3226	17	24	25	25	True	-1.93121	73.78	-6.42071	4.52218e-07	True
Stim48hr	MYO18A	ENSG00000196535_Stim48hr	16	9365	1	15	0	25	True	-0.63845	35.76	-4.44217	0.00962105	True
Stim48hr	DNAJC2	ENSG00000105821_Stim48hr	38	7235	5	33	7	2	True	-2.85776	86.2	-2.7877	0.273407	False
Stim48hr	SNUPN	ENSG00000169371_Stim48hr	130	6520	45	85	25	0	True	-4.79966	96.41	-6.05435	9.54887e-06	True
Stim48hr	DHX57	ENSG00000163214_Stim48hr	21	10111	3	18	2	10	True	-2.39219	80.95	-4.94491	0.00407711	True
Stim48hr	COQ5	ENSG00000110871_Stim48hr	18	7238	8	10	6	22	True	-1.12595	54.18	-6.95942	2.56597e-08	True
Stim48hr	N6AMT1	ENSG00000156239_Stim48hr	510	5592	260	251	24	0	True	-3.07813	88.16	-3.67301		True
Stim48hr	DHX36	ENSG00000174953_Stim48hr	2298	9951	724	1574	25	25	True	-2.05469	75.93	-9.36315	1.8396e-18	True
Stim48hr	EIF4G2	ENSG00000110321_Stim48hr	1829	10114	710	1119	25	17	True	-1.63967	67.91	-6.13818	2.18771e-07	True
Stim48hr	PGK1	ENSG00000102144_Stim48hr	249	10207	67	182	25	1	True	-2.019	75.33	-8.93152	4.59714e-15	True
Stim48hr	ADAT2	ENSG00000189007_Stim48hr	192	5116	72	120	25	25	True	-1.67361	68.65	-8.20972	1.17545e-12	True
Stim48hr	SSB	ENSG00000138385_Stim48hr	226	10114	41	185	25	25	False					False
Stim48hr	C1D	ENSG00000197223_Stim48hr	893	9770	304	589	25	19	True	-2.50621	82.4	-8.62622	1.29478e-14	True
Stim48hr	PARP3	ENSG00000041880_Stim48hr	416	8910	127	289	25	25	True	-1.38047	61.59	-1.52568	0.520377	False
Stim48hr	CTPS1	ENSG00000171793_Stim48hr	253	9951	76	177	22	9	True	-0.412877	24.89	-2.58226	0.207755	False
Stim48hr	EXOSC1	ENSG00000171311_Stim48hr	235	10277	30	205	25	0	True	-2.43187	81.47	-2.40663	0.288935	False
Stim48hr	R3HCC1	ENSG00000104679_Stim48hr	6	10282	1	5	0	8	True	-1.38265	61.65	-8.60836	9.39497e-14	True
Stim48hr	SIK2	ENSG00000170145_Stim48hr	10	10282	1	9	0	25	True	-3.20459	89.15	-5.70713	0.000145541	True
Stim48hr	YBX1	ENSG00000065978_Stim48hr	155	3945	54	101	25	20	True	-1.42733	62.82	-9.13621	2.63514e-16	True
Stim48hr	LSM14A	ENSG00000257103_Stim48hr	136	7962	56	80	10	20	True	-2.26143	79.14	-14.3468	9.19873e-43	True
Stim48hr	AHCYL1	ENSG00000168710_Stim48hr	6	10282	0	6	0	8	True	-3.17545	88.93	-14.4397	3.68246e-43	True
Stim48hr	ZBTB45	ENSG00000119574_Stim48hr	25	10282	3	22	0	25	True	-3.12129	88.51	-10.0932	7.50102e-20	True
Stim48hr	N4BP1	ENSG00000102921_Stim48hr	8	10282	2	6	0	7	True	-1.32704	60.14	-11.3302	1.17974e-25	True
Stim48hr	SRRM1	ENSG00000133226_Stim48hr	47	10282	3	44	18	4	True	-0.19187	12.45	-2.03825	0.839797	False
Stim48hr	YBEY	ENSG00000182362_Stim48hr	34	10282	3	31	0	25	True	-1.17308	55.65	-1.62392	0.780445	False
Stim48hr	RPRD1B	ENSG00000101413_Stim48hr	125	10282	38	87	12	0	True	-1.40149	62.15	-3.61271	0.0534562	True
Stim48hr	ZBTB14	ENSG00000198081_Stim48hr	210	10112	66	144	25	0	True	-1.66769	68.52	-5.75543	7.70964e-06	True
Stim48hr	CLASRP	ENSG00000104859_Stim48hr	361	9771	154	207	2	21	True	-1.15614	55.13	-5.64712	3.30073e-05	True
Stim48hr	DUSP12	ENSG00000081721_Stim48hr	276	9147	76	200	25	25	True	-1.69247	69.06	-2.84961	0.120529	False
Stim48hr	METAP2	ENSG00000111142_Stim48hr	527	9767	174	353	1	25	True	-1.52436	65.24	-11.218	3.39549e-25	True
Stim48hr	ARL8B	ENSG00000134108_Stim48hr	23	7481	6	17	4	25	True	-3.33532	90.09	-18.5818	3.50097e-73	True
Stim48hr	TMEM214	ENSG00000119777_Stim48hr	754	9146	271	483	17	25	True	-2.8566	86.19	-14.0244	1.04726e-40	True
Stim48hr	SETDB1	ENSG00000143379_Stim48hr	1183	10282	333	850	5	11	True	-2.53703	82.77	-31.3658	7.35887e-212	True
Stim48hr	ZNF706	ENSG00000120963_Stim48hr	9	10282	5	4	0	3	True	-1.732	69.9	-25.2188	3.1562e-136	True
Stim48hr	TAF1B	ENSG00000115750_Stim48hr	13	10282	1	12	0	4	True	-0.216705	13.95	-1.93917	0.737284	False
Stim48hr	CCDC22	ENSG00000101997_Stim48hr	618	10111	194	424	22	0	True	-3.37307	90.35	-8.44344	3.29794e-13	True
Stim48hr	C11orf98	ENSG00000278615_Stim48hr	11	10282	3	8	1	25	False					False
Stim48hr	IRF8	ENSG00000140968_Stim48hr	6	10282	1	5	0	4	True	-3.05065	87.93	-6.31524	1.7086e-06	True
Stim48hr	SNU13	ENSG00000100138_Stim48hr	181	3228	107	74	25	0	True	-1.22635	57.26	-14.2283	2.039e-42	True
Stim48hr	AKAP17A	ENSG00000197976_Stim48hr	85	9774	60	25	25	25	True	-2.12006	77.0	-18.722	3.34573e-74	True
Stim48hr	MARF1	ENSG00000166783_Stim48hr	12	10282	7	5	0	4	True	-0.775607	41.59	-7.39314	3.63469e-10	True
Stim48hr	HLA-A	ENSG00000206503_Stim48hr	16	9949	2	14	0	25	False					False
Stim48hr	TIPARP	ENSG00000163659_Stim48hr	88	7238	42	46	25	0	True	-0.824499	43.53	-3.97418	0.0311989	True
Stim48hr	QKI	ENSG00000112531_Stim48hr	7	10282	1	6	0	25	True	-1.19589	56.35	-10.9906	5.37355e-24	True
Stim48hr	USB1	ENSG00000103005_Stim48hr	15	8675	5	10	7	5	True	-2.90301	86.63	-15.3078	6.09272e-49	True
Stim48hr	AP2A1	ENSG00000196961_Stim48hr	54	3465	28	26	24	25	True	-4.11262	94.22	-10.2156	6.05134e-21	True
Stim48hr	CTNNBL1	ENSG00000132792_Stim48hr	60	2526	12	49	4	0	True	-1.38711	61.77	-3.00204		True
Stim48hr	UBR5	ENSG00000104517_Stim48hr	1302	9950	652	650	13	25	True	-2.85728	86.2	-28.1318	4.18654e-170	True
Stim48hr	ZCCHC24	ENSG00000165424_Stim48hr	7	10282	0	7	0	25	True	-3.95306	93.54	-7.10884	1.4824e-08	True
Stim48hr	CLPB	ENSG00000162129_Stim48hr	285	8436	101	184	7	25	True	-1.2912	59.14	-7.22391	4.4133e-10	True
Stim48hr	MRTFB	ENSG00000186260_Stim48hr	8	10282	4	4	5	0	True	-1.18643	56.06	-2.73796	0.489938	False
Stim48hr	DDX39A	ENSG00000123136_Stim48hr	6	10282	1	5	0	5	True	-0.147091	9.69	-1.24337	0.936946	False
Stim48hr	PRDM5	ENSG00000138738_Stim48hr	12	10282	4	8	0	25	True	-0.660271	36.72	-0.478323	0.99999	False
Stim48hr	MATR3	ENSG00000015479_Stim48hr	95	8439	50	45	0	22	False					False
Stim48hr	ZNF587B	ENSG00000269343_Stim48hr	8	10282	0	8	0	11	True	-0.389837	23.68	-2.22777	0.777611	False
Stim48hr	MRPS28	ENSG00000147586_Stim48hr	6	10282	1	5	0	7	False					False
Stim48hr	EMG1	ENSG00000126749_Stim48hr	22	1816	9	13	20	25	True	-0.439053	26.24	-2.17742	0.308224	False
Stim48hr	RBM33	ENSG00000184863_Stim48hr	241	9765	71	170	25	0	True	-1.31707	59.87	-11.3198	1.06854e-25	True
Stim48hr	THOC6	ENSG00000131652_Stim48hr	363	7484	249	114	4	0	True	-3.24232	89.43	-15.3175	4.53171e-49	True
Stim48hr	INO80	ENSG00000128908_Stim48hr	244	9143	115	129	25	6	True	-1.95669	74.24	-4.84062	0.000943494	True
Stim48hr	PTBP1	ENSG00000011304_Stim48hr	118	6045	53	65	25	14	True	-1.47158	63.94	-7.22422	3.1655e-09	True
Stim48hr	GANAB	ENSG00000089597_Stim48hr	13	6047	4	9	0	2	True	-2.95474	87.1	-13.957	1.79146e-40	True
Stim48hr	CELF2	ENSG00000048740_Stim48hr	19	9775	8	11	12	8	True	-1.45787	63.6	-32.7631	2.01566e-231	True
Stim48hr	PAIP2	ENSG00000120727_Stim48hr	7	10282	4	3	0	0	True	-2.43055	81.45	-12.882	7.20419e-34	True
Stim48hr	AP2B1	ENSG00000006125_Stim48hr	11	10282	9	2	25	1	True	-3.11515	88.46	-13.1995	5.59459e-36	True
Stim48hr	GPATCH8	ENSG00000186566_Stim48hr	220	8441	103	117	1	0	True	-2.21214	78.42	-10.8577	1.60328e-23	True
Stim48hr	NONO	ENSG00000147140_Stim48hr	13	6523	9	4	7	10	True	-1.63612	67.83	-20.1126	3.88007e-86	True
Stim48hr	PCMT1	ENSG00000120265_Stim48hr	6	10282	5	1	8	0	True	-2.32585	80.05	-28.7611	8.33267e-178	True
Stim48hr	MACROH2A1	ENSG00000113648_Stim48hr	8	10282	3	5	1	0	True	-3.24055	89.42	-24.0839	4.66096e-124	True
Stim48hr	TBL1XR1	ENSG00000177565_Stim48hr	426	9148	201	225	0	6	True	-1.51008	64.89	-24.5753	2.19956e-129	True
Stim48hr	RAVER1	ENSG00000161847_Stim48hr	100	10210	45	55	8	0	True	-2.44759	81.67	-32.091	6.44591e-222	True
Stim48hr	DAPK1	ENSG00000196730_Stim48hr	11	10282	4	7	2	25	True	-2.38153	80.81	-4.54642	0.0230562	True
Stim48hr	HADHB	ENSG00000138029_Stim48hr	7	10282	4	3	4	0	True	-1.89897	73.19	-18.7706	1.66654e-74	True
Stim48hr	BICD1	ENSG00000151746_Stim48hr	13	10282	7	6	25	19	True	-4.04017	93.92	-9.39676	7.13917e-17	True
Stim48hr	PARP14	ENSG00000173193_Stim48hr	113	10282	13	100	9	3	True	-2.61072	83.63	-21.7029	2.30002e-100	True
Stim48hr	SPEN	ENSG00000065526_Stim48hr	25	10282	5	20	12	3	True	-0.567045	32.5	-5.77737	4.54763e-05	True
Stim48hr	FHIT	ENSG00000189283_Stim48hr	25	10282	12	13	5	25	True	-1.79756	71.23	-3.00215	0.333032	False
Stim48hr	REXO1	ENSG00000079313_Stim48hr	22	9771	13	9	0	0	True	-1.03846	51.32	-10.1702	2.75099e-20	True
Stim48hr	ZNF579	ENSG00000218891_Stim48hr	6	10282	4	2	2	0	True	-3.65371	92.05	-4.60254	0.00881328	True
Stim48hr	ASH2L	ENSG00000129691_Stim48hr	112	10282	18	94	10	5	True	-0.324837	20.16	-0.950201	0.999588	False
Stim48hr	BTN3A3	ENSG00000111801_Stim48hr	7	10282	2	5	9	25	True	-4.0976	94.16	-8.51255	1.0781e-13	True
Stim48hr	DDX19A	ENSG00000168872_Stim48hr	6	10282	0	6	0	25	True	-1.56807	66.27	-10.0211	1.55932e-19	True
Stim48hr	DYNLL1	ENSG00000088986_Stim48hr	15	10282	2	13	0	11	True	-0.985831	49.51	-1.67167	0.81193	False
Stim48hr	SCAF4	ENSG00000156304_Stim48hr	599	9368	205	394	1	5	True	-2.97309	87.26	-15.051	3.30998e-47	True
Stim48hr	DLX2	ENSG00000115844_Stim48hr	6	10282	1	5	0	0	False					False
Stim48hr	NABP1	ENSG00000173559_Stim48hr	10	10282	0	10	0	5	True	-3.62209	91.88	-13.9153	6.47727e-40	True
Stim48hr	NUMA1	ENSG00000137497_Stim48hr	24	9570	8	16	1	0	True	-0.74755	40.44	-8.84809	4.43366e-15	True
Stim48hr	PPP1R10	ENSG00000204569_Stim48hr	13	10282	2	11	0	25	True	-0.357965	21.97	-1.92646	0.699524	False
Stim48hr	PRRC2C	ENSG00000117523_Stim48hr	14	4416	6	8	18	25	True	-0.756756	40.82	-14.9662	5.57052e-47	True
Stim48hr	XPO5	ENSG00000124571_Stim48hr	16	10282	10	6	6	0	True	-1.43482	63.01	-13.1003	4.15515e-35	True
Stim48hr	ZNF177	ENSG00000188629_Stim48hr	21	10282	3	18	0	9	True	-3.13012	88.58	-3.39501	0.164084	False
Stim48hr	MTERF2	ENSG00000120832_Stim48hr	31	10282	8	23	11	0	True	-3.71876	92.4	-8.25883	1.86398e-12	True
Stim48hr	MAPK1	ENSG00000100030_Stim48hr	17	10282	2	15	0	0	True	-2.4507	81.71	-17.0352	5.709e-61	True
Stim48hr	SRSF5	ENSG00000100650_Stim48hr	26	10282	14	12	4	25	True	-1.02659	50.91	-11.184	6.18941e-25	True
Stim48hr	ALKBH8	ENSG00000137760_Stim48hr	6	10282	2	4	0	5	True	-2.53955	82.8	-7.66852	2.20404e-10	True
Stim48hr	TIAL1	ENSG00000151923_Stim48hr	237	8914	108	129	2	25	True	-1.31001	59.67	-21.7519	6.12441e-101	True
Stim48hr	BCAP29	ENSG00000075790_Stim48hr	14	10282	1	13	0	4	True	-3.535	91.37	-17.5438	8.40709e-65	True
Stim48hr	H4C2	ENSG00000278705_Stim48hr	6	10282	1	5	0	12	True	-2.38018	80.79	-1.59747	0.937456	False
Stim48hr	NNT	ENSG00000112992_Stim48hr	8	10282	4	4	0	1	True	-4.379	95.19	-9.58453	1.17741e-17	True
Stim48hr	H4C1	ENSG00000278637_Stim48hr	6	10282	4	2	0	0	False					False
Stim48hr	PDIA3	ENSG00000167004_Stim48hr	24	10282	3	21	0	25	True	-4.32776	95.02	-22.2943	5.3122e-106	True
Stim48hr	SLC3A2	ENSG00000168003_Stim48hr	51	10282	4	47	2	25	True	-0.553457	31.86	-6.08716	2.85783e-06	True
Stim48hr	ALKBH2	ENSG00000189046_Stim48hr	96	10282	21	75	25	3	True	-2.48061	82.08	-4.18603	0.0133188	True
Stim48hr	DDX39B	ENSG00000198563_Stim48hr	92	6048	33	59	25	25	True	-1.72308	69.71	-6.65047	1.83623e-07	True
Stim48hr	SREK1IP1	ENSG00000153006_Stim48hr	24	8432	13	11	21	25	True	-1.32259	60.02	-12.0422	9.31455e-30	True
Stim48hr	GLRX3	ENSG00000108010_Stim48hr	16	5348	6	10	25	14	True	-1.20385	56.59	-7.38427	4.24856e-10	True
Stim48hr	HNRNPM	ENSG00000099783_Stim48hr	116	10108	30	86	25	2	True	-0.349879	21.53	-2.29908	0.388674	False
Stim48hr	TPR	ENSG00000047410_Stim48hr	9	10282	0	9	0	1	True	-0.83981	44.13	-5.62524	0.000117189	True
Stim48hr	EIF1AX	ENSG00000173674_Stim48hr	47	10282	3	44	0	8	True	-0.556953	32.03	-1.13046	0.939998	False
Stim48hr	ZFPM1	ENSG00000179588_Stim48hr	2060	10275	638	1422	25	0	False					False
Stim48hr	NRAS	ENSG00000213281_Stim48hr	146	10282	22	124	2	10	True	-2.70467	84.66	-41.4383	0.0	True
Stim48hr	AK3	ENSG00000147853_Stim48hr	57	10282	12	45	0	0	True	-3.6239	91.89	-15.0205	6.82399e-47	True
Stim48hr	WTAP	ENSG00000146457_Stim48hr	6	10282	1	5	0	15	True	-0.194739	12.63	-2.58592	0.729138	False
Stim48hr	CCAR1	ENSG00000060339_Stim48hr	176	10276	59	117	11	14	True	-1.39859	62.07	-2.54528	0.258867	False
Stim48hr	NOP53	ENSG00000105373_Stim48hr	18	10276	0	18	0	25	True	-0.53362	30.92	-4.99622	0.0019953	True
Stim48hr	SEPTIN7	ENSG00000122545_Stim48hr	26	10282	4	22	15	25	True	-2.51442	82.5	-7.11197	7.24656e-09	True
Stim48hr	HMGB2	ENSG00000164104_Stim48hr	21	10208	12	9	25	0	True	-2.82707	85.91	-35.6272	5.80813e-274	True
Stim48hr	ZCCHC8	ENSG00000033030_Stim48hr	127	10211	50	77	25	0	True	-2.09412	76.58	-6.71298	4.17749e-08	True
Stim48hr	ZBTB32	ENSG00000011590_Stim48hr	111	10274	55	56	25	0	True	-3.18653	89.02	-22.4302	2.23553e-107	True
Stim48hr	ZRSR2	ENSG00000169249_Stim48hr	27	4652	21	7	0	2	True	-1.42295	62.71	-4.83866		True
Stim48hr	ALDOA	ENSG00000149925_Stim48hr	6	10282	0	6	0	13	False					False
Stim48hr	MARS1	ENSG00000166986_Stim48hr	10	10282	5	5	6	2	True	-1.21278	56.86	-3.50414	0.219024	False
Stim48hr	STAT3	ENSG00000168610_Stim48hr	1592	10111	604	988	25	25	True	-2.01645	75.28	-14.5698	4.68328e-44	True
Stim48hr	SHMT2	ENSG00000182199_Stim48hr	187	10282	50	137	25	1	True	-2.2247	78.61	-16.9129	4.13525e-60	True
Stim48hr	SLC4A1AP	ENSG00000163798_Stim48hr	23	10210	9	14	15	25	True	-0.70852	38.81	-8.74525	1.21802e-14	True
Stim48hr	ELP1	ENSG00000070061_Stim48hr	135	8211	60	75	0	8	True	-3.16307	88.84	-5.78834	2.01483e-05	True
Stim48hr	ELP3	ENSG00000134014_Stim48hr	187	6520	96	91	25	16	True	-2.41867	81.3	-11.5149	7.51845e-27	True
Stim48hr	TPT1	ENSG00000133112_Stim48hr	203	6284	102	101	6	21	False					False
Stim48hr	ZNF622	ENSG00000173545_Stim48hr	67	3705	28	40	25	5	True	-1.82515	71.78	-9.35619		True
Stim48hr	SEPTIN11	ENSG00000138758_Stim48hr	6	10282	3	3	12	2	True	-3.69964	92.3	-12.9287	3.92815e-34	True
Stim48hr	ZC3H7A	ENSG00000122299_Stim48hr	10	10282	1	9	0	14	True	-1.46149	63.69	-9.83122	1.04681e-18	True
Stim48hr	SUMO2	ENSG00000188612_Stim48hr	20	8673	12	8	19	7	True	-0.399882	24.21	-6.84609	2.27224e-08	True
Stim48hr	EIF4A1	ENSG00000161960_Stim48hr	538	6524	220	318	20	25	True	-2.37786	80.76	-17.4117	4.56014e-64	True
Stim48hr	RPS25	ENSG00000118181_Stim48hr	102	10210	39	63	25	25	False					False
Stim48hr	CNOT11	ENSG00000158435_Stim48hr	386	9362	104	282	25	1	True	-2.48304	82.11	-12.7956	8.43491e-34	True
Stim48hr	WRN	ENSG00000165392_Stim48hr	11	10282	2	9	0	25	True	-1.8035	71.35	-15.8992	8.1336e-53	True
Stim48hr	ZBTB44	ENSG00000196323_Stim48hr	142	4655	48	94	12	0	True	-3.99059	93.71	-5.51086	6.6593e-05	True
Stim48hr	CALR	ENSG00000179218_Stim48hr	34	10282	3	31	1	25	True	-1.56848	66.28	-14.1803	1.53671e-41	True
Stim48hr	CIR1	ENSG00000138433_Stim48hr	10	10282	4	6	2	5	True	-2.59715	83.47	-7.96697	2.05859e-11	True
Stim48hr	ALDH18A1	ENSG00000059573_Stim48hr	15	10282	2	13	0	25	True	-1.04111	51.4	-8.7406	2.93818e-14	True
Stim48hr	HNRNPH1	ENSG00000169045_Stim48hr	36	6520	14	22	16	0	False					False
Stim48hr	RAB10	ENSG00000084733_Stim48hr	6	10282	4	2	0	3	True	-1.91078	73.41	-15.4816	5.85568e-50	True
Stim48hr	SLC29A1	ENSG00000112759_Stim48hr	8	10282	4	4	0	1	True	-3.71004	92.36	-9.86152	3.87095e-19	True
Stim48hr	INPPL1	ENSG00000165458_Stim48hr	7	10282	3	4	15	0	True	-0.431974	25.88	-3.37253	0.410461	False
Stim48hr	SRSF9	ENSG00000111786_Stim48hr	9	10282	4	5	2	4	True	-3.50957	91.22	-32.6771	4.18134e-230	True
Stim48hr	GSTCD	ENSG00000138780_Stim48hr	130	10282	33	97	9	0	True	-2.26308	79.17	-15.7976	3.69408e-52	True
Stim48hr	INTS12	ENSG00000138785_Stim48hr	699	9951	268	431	0	25	True	-2.32886	80.1	-13.6732	3.83762e-39	True
Stim48hr	EIF1AD	ENSG00000175376_Stim48hr	11	10275	3	8	2	17	True	-1.05398	51.84	-4.55433	0.0133316	True
Stim48hr	UBE2I	ENSG00000103275_Stim48hr	733	9951	223	510	25	25	True	-1.52509	65.25	-16.6179	5.40648e-58	True
Stim48hr	TXNL4B	ENSG00000140830_Stim48hr	77	10281	8	69	9	0	True	-1.96838	74.45	-3.31339	0.114177	False
Stim48hr	EIF2AK4	ENSG00000128829_Stim48hr	39	10282	3	36	0	25	True	-3.89216	93.26	-15.3594	3.73024e-49	True
Stim48hr	PRPF38B	ENSG00000134186_Stim48hr	83	10274	10	73	25	25	True	-0.994227	49.8	-4.79675	0.00186291	True
Stim48hr	SPTBN1	ENSG00000115306_Stim48hr	11	10282	4	7	2	12	True	-0.0464088	3.17	-0.399719	0.999992	False
Stim48hr	PPRC1	ENSG00000148840_Stim48hr	85	5352	53	32	5	25	True	-0.85492	44.71	-4.91536	0.000351121	True
Stim48hr	XPOT	ENSG00000184575_Stim48hr	35	6759	11	24	10	0	True	-3.06549	88.05	-18.4727	2.40516e-72	True
Stim48hr	RBM12	ENSG00000244462_Stim48hr	379	10210	171	208	25	2	True	-1.2179	57.01	-7.62544	5.32364e-11	True
Stim48hr	SEC23A	ENSG00000100934_Stim48hr	10	10282	4	6	25	0	True	-1.36662	61.22	-11.1044	1.5119e-24	True
Stim48hr	GEMIN7	ENSG00000142252_Stim48hr	6	10282	1	5	0	10	True	-1.06503	52.2	-4.29344	0.0602056	True
Stim48hr	MAGED2	ENSG00000102316_Stim48hr	6	10282	4	2	2	0	True	-3.99592	93.73	-14.3488	6.86445e-43	True
Stim48hr	OTUD4	ENSG00000164164_Stim48hr	22	10282	15	7	6	11	True	-1.18735	56.09	-7.88158	1.36503e-11	True
Stim48hr	ZNF829	ENSG00000185869_Stim48hr	78	10119	7	71	13	3	True	-3.59001	91.7	-5.51146	4.2393e-05	True
Stim48hr	ERCC6L	ENSG00000186871_Stim48hr	96	9362	34	62	17	0	True	-2.3556	80.46	-7.80871	2.80753e-11	True
Stim48hr	VBP1	ENSG00000155959_Stim48hr	51	5111	26	25	25	25	True	-3.10135	88.35	-21.2365	2.32569e-96	True
Stim48hr	C11orf68	ENSG00000175573_Stim48hr	152	10208	69	83	3	0	True	-3.28266	89.72	-10.8581	9.98138e-24	True
Stim48hr	CDC42EP4	ENSG00000179604_Stim48hr	10	10282	4	6	20	12	False					False
Stim48hr	CSTF2	ENSG00000101811_Stim48hr	26	10282	8	18	3	2	True	-3.1545	88.77	-4.19634	0.0235657	True
Stim48hr	GFM2	ENSG00000164347_Stim48hr	45	9145	22	23	0	4	True	-1.76964	70.67	-9.02288	8.68276e-16	True
Stim48hr	METTL2B	ENSG00000165055_Stim48hr	23	10282	2	21	25	0	False					False
Stim48hr	PRPF40A	ENSG00000196504_Stim48hr	13	10282	2	11	0	3	True	-0.669444	37.13	-3.65373	0.181971	False
Stim48hr	WBP4	ENSG00000120688_Stim48hr	40	7005	16	24	6	3	True	-2.25094	78.99	-9.01552	1.42422e-15	True
Stim48hr	ZFC3H1	ENSG00000133858_Stim48hr	366	10209	77	289	25	0	True	-2.8177	85.82	-13.8669	1.22245e-40	True
Stim48hr	SMARCE1	ENSG00000073584_Stim48hr	1585	10210	643	942	25	25	True	-2.28077	79.42	-8.94271	3.1981e-16	True
Stim48hr	GADD45G	ENSG00000130222_Stim48hr	61	10275	8	53	25	0	True	-1.34698	60.69	-3.44586	0.102802	False
Stim48hr	SCAF8	ENSG00000213079_Stim48hr	118	8197	64	54	9	0	True	-3.08761	88.24	-12.159	4.36017e-30	True
Stim48hr	IPO11	ENSG00000086200_Stim48hr	8	10282	3	5	2	1	True	-0.720084	39.29	-5.30523	0.000475098	True
Stim48hr	TRIP6	ENSG00000087077_Stim48hr	6	10282	2	4	6	4	True	-3.7316	92.47	-5.53895	0.000192694	True
Stim48hr	DARS1	ENSG00000115866_Stim48hr	10	10282	2	8	0	20	True	-0.467922	27.7	-4.50137	0.0285242	True
Stim48hr	UPF3A	ENSG00000169062_Stim48hr	11	10282	5	6	1	16	True	-1.04725	51.61	-6.3864	2.15202e-06	True
Stim48hr	ZNF408	ENSG00000175213_Stim48hr	13	10282	10	3	4	0	True	-2.69119	84.52	-4.80504	0.00301733	True
Stim48hr	C9orf78	ENSG00000136819_Stim48hr	151	10273	34	117	11	6	True	-2.59363	83.43	-4.72082	0.00273545	True
Stim48hr	CD2BP2	ENSG00000169217_Stim48hr	71	2994	38	34	25	0	True	-2.37595	80.74	-7.50351		True
Stim48hr	EIF2AK1	ENSG00000086232_Stim48hr	122	9141	72	50	25	10	True	-3.65353	92.05	-27.0654	2.38134e-157	True
Stim48hr	ARF4	ENSG00000168374_Stim48hr	12	10282	1	11	0	25	True	-0.798061	42.49	-7.92762	2.83015e-11	True
Stim48hr	ARID4B	ENSG00000054267_Stim48hr	17	10282	8	9	2	14	True	-1.28891	59.07	-13.1858	1.26384e-35	True
Stim48hr	ATXN2L	ENSG00000168488_Stim48hr	85	7964	47	38	16	25	True	-1.43287	62.96	-18.2528	1.62106e-70	True
Stim48hr	POC1B	ENSG00000139323_Stim48hr	28	9777	17	11	25	9	True	-1.39449	61.96	-10.0226	1.23924e-19	True
Stim48hr	CCNT1	ENSG00000129315_Stim48hr	221	7481	92	129	0	18	True	-2.23319	78.73	-9.05721	1.03785e-15	True
Stim48hr	TACO1	ENSG00000136463_Stim48hr	14	3706	5	9	25	19	True	-0.721312	39.35	-4.34737	0.0131857	True
Stim48hr	C1orf131	ENSG00000143633_Stim48hr	11	10282	2	9	0	4	True	-1.48538	64.28	-2.05435	0.793675	False
Stim48hr	CELF1	ENSG00000149187_Stim48hr	11	10282	4	7	1	2	True	-2.69833	84.59	-44.504	0.0	True
Stim48hr	CHD4	ENSG00000111642_Stim48hr	416	10282	102	314	5	25	True	-0.34744	21.4	-4.19574	0.00343913	True
Stim48hr	RPN1	ENSG00000163902_Stim48hr	7	10282	3	4	0	0	True	-1.46805	63.85	-6.63052	4.23582e-07	True
Stim48hr	TUT4	ENSG00000134744_Stim48hr	27	8676	13	14	13	1	False					False
Stim48hr	HDAC2	ENSG00000196591_Stim48hr	24	10282	9	15	16	0	True	-3.6129	91.83	-16.9618	1.87911e-60	True
Stim48hr	H1-5	ENSG00000184357_Stim48hr	19	10273	2	17	0	3	True	-3.0639	88.04	-26.8664	6.07539e-155	True
Stim48hr	DDX5	ENSG00000108654_Stim48hr	24	6760	10	14	0	15	True	-2.38785	80.89	-15.3718	1.77736e-49	True
Stim48hr	UGDH	ENSG00000109814_Stim48hr	11	10282	1	10	0	8	True	-3.63283	91.94	-10.696	1.34551e-22	True
Stim48hr	MORF4L1	ENSG00000185787_Stim48hr	58	10282	15	43	25	14	True	-2.29402	79.61	-23.0118	4.40992e-113	True
Stim48hr	RAB5B	ENSG00000111540_Stim48hr	10	10282	4	6	4	0	True	-2.60885	83.61	-17.0581	3.70596e-61	True
Stim48hr	SAMD4B	ENSG00000179134_Stim48hr	8	10282	5	3	0	0	True	-0.806004	42.8	-9.62748	3.87793e-18	True
Stim48hr	EAF1	ENSG00000144597_Stim48hr	6	10282	2	4	0	0	True	-1.56218	66.14	-16.7078	1.45737e-58	True
Stim48hr	RAB2B	ENSG00000129472_Stim48hr	64	8914	30	34	4	0	True	-2.01092	75.19	-11.8825	6.73734e-29	True
Stim48hr	PSIP1	ENSG00000164985_Stim48hr	486	10282	142	344	25	2	True	-2.64698	84.03	-15.0858	2.39679e-47	True
Stim48hr	SRSF10	ENSG00000188529_Stim48hr	823	10109	338	485	25	0	True	-2.53271	82.72	-8.5547	2.52919e-14	True
Stim48hr	CASC3	ENSG00000108349_Stim48hr	1027	9362	303	724	25	0	True	-2.23194	78.71	-18.0068	4.18904e-69	True
Stim48hr	SMG5	ENSG00000198952_Stim48hr	105	9951	14	91	25	0	False					False
Stim48hr	SMG9	ENSG00000105771_Stim48hr	1011	9576	257	754	25	2	True	-3.66676	92.13	-10.1066	3.21621e-21	True
Stim48hr	DHX9	ENSG00000135829_Stim48hr	187	9955	52	135	0	0	True	-0.799757	42.56	-6.87723	3.19209e-08	True
Stim48hr	STRAP	ENSG00000023734_Stim48hr	849	8440	290	559	25	15	True	-2.16854	77.76	-14.1507	1.61544e-41	True
Stim48hr	SUGP1	ENSG00000105705_Stim48hr	16	10282	6	10	7	1	True	-0.678903	37.54	-2.75948	0.550076	False
Stim48hr	ACD	ENSG00000102977_Stim48hr	13	10282	0	13	0	8	True	0.129751	-9.41	0.667445	0.999934	False
Stim48hr	ARL5B	ENSG00000165997_Stim48hr	71	8680	11	60	4	0	True	-1.54101	65.64	-13.2404	4.60853e-36	True
Stim48hr	CARM1	ENSG00000142453_Stim48hr	378	9146	126	252	0	0	True	-3.45535	90.88	-23.6969	3.68201e-120	True
Stim48hr	AGGF1	ENSG00000164252_Stim48hr	10	9150	7	3	12	0	True	-3.86512	93.14	-22.1545	8.95457e-105	True
Stim48hr	CHD8	ENSG00000100888_Stim48hr	11	10116	7	4	8	0	True	-0.90283	46.52	-5.09258	0.000756813	True
Stim48hr	SLPI	ENSG00000124107_Stim48hr	9	10282	1	8	0	14	False					False
Stim48hr	SRP72	ENSG00000174780_Stim48hr	22	4182	5	17	24	9	False					False
Stim48hr	CDKN2AIP	ENSG00000168564_Stim48hr	119	10282	82	37	9	0	True	-2.4207	81.32	-8.8598	3.12297e-15	True
Stim48hr	G6PD	ENSG00000160211_Stim48hr	6	10282	0	6	0	4	True	-1.86056	72.46	-14.4157	5.2264e-43	True
Stim48hr	PSMD4	ENSG00000159352_Stim48hr	66	10275	6	60	25	25	True	-0.168812	11.04	-0.781636	0.989773	False
Stim48hr	ZBP1	ENSG00000124256_Stim48hr	7	10282	6	1	8	0	True	-3.22747	89.32	-3.5322	0.352675	False
Stim48hr	NKRF	ENSG00000186416_Stim48hr	6	10282	5	1	7	0	True	-3.23978	89.41	-9.69898	3.86021e-18	True
Stim48hr	PQBP1	ENSG00000102103_Stim48hr	20	5352	8	12	20	12	True	-2.00094	75.02	-12.2107	1.5115e-30	True
Stim48hr	SNRPB2	ENSG00000125870_Stim48hr	47	5116	19	28	0	8	True	-4.22355	94.65	-24.6503	1.93916e-130	True
Stim48hr	GPAT2	ENSG00000186281_Stim48hr	15	9954	13	2	11	0	True	-4.15117	94.37	-3.31198	0.358917	False
Stim48hr	FAM98A	ENSG00000119812_Stim48hr	8	10282	1	7	0	24	True	-2.71672	84.79	-19.4716	2.4221e-80	True
Stim48hr	ZCRB1	ENSG00000139168_Stim48hr	111	5591	35	76	10	25	True	-0.978939	49.26	-6.17801	1.25354e-06	True
Stim48hr	ERI1	ENSG00000104626_Stim48hr	13	10282	2	11	5	25	True	-3.66005	92.09	-11.8866	1.76152e-28	True
Stim48hr	ZMAT1	ENSG00000166432_Stim48hr	243	10282	35	208	0	0	True	-2.35908	80.51	-2.8237	0.144992	False
Stim48hr	PCBP2	ENSG00000197111_Stim48hr	101	10275	33	68	25	0	True	-1.24789	57.89	-4.09882	0.0172164	True
Stim48hr	UPF3B	ENSG00000125351_Stim48hr	17	10282	0	17	0	25	False					False
Stim48hr	LSM14B	ENSG00000149657_Stim48hr	7	10282	4	3	7	1	True	-2.06259	76.06	-11.5602	8.31092e-27	True
Stim48hr	USP10	ENSG00000103194_Stim48hr	73	3945	44	29	25	25	True	-3.30435	89.88	-13.9044	2.42667e-40	True
Stim48hr	SYNCRIP	ENSG00000135316_Stim48hr	54	4887	39	16	0	16	True	-2.65918	84.17	-5.42707		True
Stim48hr	IRF9	ENSG00000213928_Stim48hr	58	9367	57	1	25	0	True	-2.89759	86.58	-22.918	2.98981e-112	True
Stim48hr	ZNF800	ENSG00000048405_Stim48hr	12	10282	0	12	0	0	True	-3.20018	89.12	-19.5172	9.93249e-81	True
Stim48hr	SBNO1	ENSG00000139697_Stim48hr	7	10282	0	7	0	7	True	-0.859521	44.89	-4.35086	0.0286516	True
Stim48hr	THOC7	ENSG00000163634_Stim48hr	7	10282	0	7	0	25	True	-0.368961	22.57	-2.61372	0.567771	False
Stim48hr	ZFR	ENSG00000056097_Stim48hr	6	10282	3	3	0	0	True	-1.12107	54.02	-8.14599	4.76293e-12	True
Stim48hr	DDX31	ENSG00000125485_Stim48hr	75	3230	28	48	25	0	True	-0.681405	37.64	-2.32162		True
Stim48hr	RNASEH2C	ENSG00000172922_Stim48hr	22	10274	3	19	13	25	True	-2.29016	79.55	-3.54014	0.139918	False
Stim48hr	MKRN3	ENSG00000179455_Stim48hr	7	10282	7	0	2	0	True	-1.15852	55.2	-0.734878	1.0	False
Stim48hr	RREB1	ENSG00000124782_Stim48hr	34	10282	18	16	0	25	True	-1.2065	56.67	-8.21037	4.65627e-13	True
Stim48hr	ZBTB24	ENSG00000112365_Stim48hr	12	10282	7	5	3	1	True	-3.0347	87.8	-2.47532	0.691612	False
Stim48hr	TOR4A	ENSG00000198113_Stim48hr	20	9362	9	11	0	25	True	-4.27367	94.83	-3.70524	0.0855331	True
Stim48hr	HECTD1	ENSG00000092148_Stim48hr	33	6522	24	9	25	12	True	-1.48279	64.22	-8.45711	1.85686e-13	True
Stim48hr	TOE1	ENSG00000132773_Stim48hr	38	9778	20	18	2	25	True	-2.645	84.01	-13.3592	1.06992e-36	True
Stim48hr	GNAI3	ENSG00000065135_Stim48hr	8	10282	0	8	0	25	True	-2.97524	87.28	-42.1929	0.0	True
Stim48hr	KHDRBS1	ENSG00000121774_Stim48hr	163	5353	58	105	0	0	True	-1.0754	52.55	-10.2715	5.25412e-21	True
Stim48hr	PRPF39	ENSG00000185246_Stim48hr	206	10282	63	143	0	15	True	-0.760676	40.98	-8.32676	9.50304e-13	True
Stim48hr	MVP	ENSG00000013364_Stim48hr	17	6284	6	11	12	17	True	-3.57188	91.59	-11.0121	2.18092e-24	True
Stim48hr	TRRAP	ENSG00000196367_Stim48hr	34	10212	17	17	0	0	True	-0.854975	44.71	-9.07737	1.21796e-15	True
Stim48hr	H1-4	ENSG00000168298_Stim48hr	40	10282	11	29	0	6	True	-2.96269	87.17	-17.6036	2.92744e-65	True
Stim48hr	MANF	ENSG00000145050_Stim48hr	30	5117	5	25	25	25	True	-3.06992	88.09	-26.7687	3.9682e-154	True
Stim48hr	RAB22A	ENSG00000124209_Stim48hr	44	3704	22	23	25	11	True	-2.29445	79.62	-3.5466		True
Stim48hr	HNRNPU	ENSG00000153187_Stim48hr	48	10112	5	43	7	25	True	-0.308369	19.24	-2.17799	0.577091	False
Stim48hr	DNAAF2	ENSG00000165506_Stim48hr	115	10209	48	67	25	0	True	-2.12947	77.15	-3.60405	0.0469779	True
Stim48hr	KRI1	ENSG00000129347_Stim48hr	18	619	5	14	25	25	True	-1.62205	67.51	-3.53311		True
Stim48hr	PCBP1	ENSG00000169564_Stim48hr	475	8676	221	254	25	3	True	-1.88235	72.88	-11.1907	4.07056e-25	True
Stim48hr	UBE2N	ENSG00000177889_Stim48hr	87	9953	26	61	25	0	True	-1.17052	55.57	-4.26158	0.0151659	True
Stim48hr	AIMP1	ENSG00000164022_Stim48hr	7	10282	2	5	1	2	True	-2.77231	85.36	-26.6019	8.16745e-152	True
Stim48hr	PPIH	ENSG00000171960_Stim48hr	386	8668	191	195	25	1	True	-4.43716	95.38	-5.25584	0.000120249	True
Stim48hr	YTHDF2	ENSG00000198492_Stim48hr	2617	10213	935	1682	25	12	True	-2.08081	76.36	-21.8156	1.80772e-101	True
Stim48hr	THUMPD1	ENSG00000066654_Stim48hr	17	10213	6	11	23	17	True	-3.71178	92.37	-21.8155	1.81273e-101	True
Stim48hr	PUS1	ENSG00000177192_Stim48hr	6	10282	5	1	0	0	True	-2.09132	76.53	-13.2288	3.79223e-36	True
Stim48hr	EIF3L	ENSG00000100129_Stim48hr	205	5591	59	146	25	0	True	-1.44916	63.38	-19.7723	2.98798e-83	True
Stim48hr	ZNF574	ENSG00000105732_Stim48hr	211	8209	70	141	0	0	True	-2.01248	75.22	-2.51738	0.205152	False
Stim48hr	DDX17	ENSG00000100201_Stim48hr	140	10282	68	72	7	0	True	-2.00461	75.08	-23.4838	7.1277e-118	True
Stim48hr	RBM5	ENSG00000003756_Stim48hr	306	6042	179	127	12	2	True	-2.68793	84.48	-14.5231	5.43404e-44	True
Stim48hr	SOCS3	ENSG00000184557_Stim48hr	34	8905	9	25	25	25	True	-1.83943	72.06	-5.68978	3.91242e-05	True
Stim48hr	ATP2B1	ENSG00000070961_Stim48hr	41	10281	27	14	0	25	True	-1.18919	56.15	-5.75844	1.38795e-05	True
Stim48hr	FAM133B	ENSG00000234545_Stim48hr	16	10282	10	6	10	17	True	-1.79518	71.19	-9.17467	5.73624e-16	True
Stim48hr	APOBEC3B	ENSG00000179750_Stim48hr	46	10211	10	36	10	0	True	-3.8497	93.06	-8.65236	5.52484e-14	True
Stim48hr	ZNF317	ENSG00000130803_Stim48hr	12	10282	9	3	2	9	True	-1.81613	71.6	-12.4828	5.87222e-32	True
Stim48hr	UBAP2L	ENSG00000143569_Stim48hr	794	9369	449	345	5	6	True	-2.42691	81.4	-31.2121	7.10014e-210	True
Stim48hr	ZCCHC3	ENSG00000247315_Stim48hr	8	10282	6	2	23	4	True	-2.34247	80.28	-14.9905	1.07299e-46	True
Stim48hr	PEX1	ENSG00000127980_Stim48hr	12	10282	5	7	0	6	False					False
Stim48hr	TRIR	ENSG00000123144_Stim48hr	12	3227	7	5	4	6	True	-1.29724	59.31	-13.7906	9.68605e-40	True
Stim48hr	UNK	ENSG00000132478_Stim48hr	11	10282	10	1	12	0	True	-1.40684	62.29	-6.37204	4.72594e-07	True
Stim48hr	AGO1	ENSG00000092847_Stim48hr	6	10282	5	1	0	0	True	-0.820847	43.39	-6.18262	3.99608e-06	True
Stim48hr	TMED7	ENSG00000134970_Stim48hr	6	10282	1	5	0	24	True	-2.5634	83.08	-15.6054	8.4836e-51	True
Stim48hr	DHX34	ENSG00000134815_Stim48hr	12	10282	3	9	17	0	True	-3.23473	89.38	-9.10122	1.13125e-15	True
Stim48hr	MBD3	ENSG00000071655_Stim48hr	196	10282	91	105	1	0	True	-3.09969	88.33	-20.6203	2.0641e-90	True
Stim48hr	HNRNPA1	ENSG00000135486_Stim48hr	1166	9362	619	547	0	0	False					False
Stim48hr	WDR83	ENSG00000123154_Stim48hr	6	10282	3	3	1	0	True	-2.04422	75.75	-7.51329	2.43382e-10	True
Stim48hr	MDH2	ENSG00000146701_Stim48hr	185	8438	83	102	8	3	True	-1.44445	63.26	-14.912	2.40594e-46	True
Stim48hr	PDHB	ENSG00000168291_Stim48hr	178	8215	46	132	0	2	True	-2.03833	75.66	-14.6326	1.47937e-44	True
Stim48hr	PTBP2	ENSG00000117569_Stim48hr	7	10282	3	4	1	7	True	-1.14475	54.77	-8.18353	3.49381e-12	True
Stim48hr	VIM	ENSG00000026025_Stim48hr	29	10282	10	19	3	20	True	-1.43143	62.92	-10.0147	1.66415e-19	True
Stim48hr	EIF4E	ENSG00000151247_Stim48hr	62	9145	50	12	0	0	True	-0.0666079	4.51	-0.727814	0.892989	False
Stim48hr	SUPT4H1	ENSG00000213246_Stim48hr	38	5818	8	30	21	25	True	-0.289238	18.17	-1.69651	0.625002	False
Stim48hr	TMEM63C	ENSG00000165548_Stim48hr	6	10282	3	3	3	0	False					False
Stim48hr	ZC3H4	ENSG00000130749_Stim48hr	36	10275	1	35	0	0	True	-0.297438	18.63	-4.25961	0.0190962	True
Stim48hr	EDC4	ENSG00000038358_Stim48hr	28	9771	3	25	0	25	True	-0.593677	33.73	-8.07871	6.68449e-12	True
Stim48hr	XRN1	ENSG00000114127_Stim48hr	99	9577	17	82	25	5	True	-1.27263	58.61	-10.9572	6.11992e-24	True
Stim48hr	NXT1	ENSG00000132661_Stim48hr	101	4885	53	48	1	7	True	-2.95904	87.14	-13.6987	5.22277e-39	True
Stim48hr	TRIP12	ENSG00000153827_Stim48hr	763	10273	327	436	20	4	True	-2.4128	81.22	-43.7816	0.0	True
Stim48hr	EDF1	ENSG00000107223_Stim48hr	63	9367	15	48	0	25	True	-3.43488	90.75	-38.8723	0.0	True
Stim48hr	PAPOLA	ENSG00000090060_Stim48hr	37	10113	9	28	13	1	True	-1.60813	67.2	-17.8837	1.69261e-67	True
Stim48hr	CNOT10	ENSG00000182973_Stim48hr	90	7238	31	59	25	0	True	-0.850115	44.53	-6.64332	2.30329e-07	True
Stim48hr	DIS3	ENSG00000083520_Stim48hr	193	9949	37	156	25	0	True	-0.196739	12.75	-1.0377	0.808292	False
Stim48hr	GTPBP3	ENSG00000130299_Stim48hr	13	10282	6	7	11	16	True	-1.35935	61.02	-7.05333	2.21188e-08	True
Stim48hr	RO60	ENSG00000116747_Stim48hr	408	8682	229	179	1	0	True	-2.93472	86.92	-27.1401	1.48819e-158	True
Stim48hr	UCHL5	ENSG00000116750_Stim48hr	148	5588	71	77	25	0	True	-2.7711	85.35	-14.4748	1.0121e-43	True
Stim48hr	SPAG7	ENSG00000091640_Stim48hr	20	10109	16	4	12	1	True	-3.63838	91.97	-27.6598	2.2775e-164	True
Stim48hr	TRIM14	ENSG00000106785_Stim48hr	20	3703	6	14	11	0	True	-1.57319	66.39	-10.0574	3.26058e-20	True
Stim48hr	WDR18	ENSG00000065268_Stim48hr	60	9142	17	43	25	0	True	-0.117275	7.81	-0.699655	0.8911	False
Stim48hr	GFM1	ENSG00000168827_Stim48hr	6	10282	5	1	5	0	True	-0.702369	38.54	-5.77718	3.2077e-05	True
Stim48hr	NOL7	ENSG00000225921_Stim48hr	16	7482	4	12	15	0	True	-0.791328	42.22	-2.55115	0.435425	False
Stim48hr	ZNF200	ENSG00000010539_Stim48hr	56	10282	2	54	0	0	True	-3.90601	93.33	-11.2438	2.96475e-25	True
Stim48hr	RSRC1	ENSG00000174891_Stim48hr	14	9955	6	8	10	5	True	-3.75621	92.6	-16.5156	2.96588e-57	True
Stim48hr	TRIM28	ENSG00000130726_Stim48hr	33	10282	5	28	14	0	True	-1.86545	72.56	-9.82125	1.15516e-18	True
Stim48hr	JRK	ENSG00000234616_Stim48hr	6	10282	1	5	0	2	True	-2.49383	82.25	-3.51684	0.27662	False
Stim48hr	ZGPAT	ENSG00000197114_Stim48hr	6	10282	6	0	5	0	True	-0.195885	12.7	-2.14953	0.999999	False
Stim48hr	MSI2	ENSG00000153944_Stim48hr	22	9955	11	11	16	0	True	-1.35909	61.02	-13.4502	3.211e-37	True
Stim48hr	DEK	ENSG00000124795_Stim48hr	81	10282	22	59	0	1	True	-1.52392	65.23	-20.2929	1.69869e-87	True
Stim48hr	EZH2	ENSG00000106462_Stim48hr	201	10282	34	167	6	25	True	-1.16972	55.55	-8.60248	8.92613e-14	True
Stim48hr	GIGYF2	ENSG00000204120_Stim48hr	315	10110	109	206	25	0	True	-3.47173	90.99	-10.4441	1.66864e-21	True
Stim48hr	HNRNPA2B1	ENSG00000122566_Stim48hr	353	9573	155	198	0	19	True	-1.8698	72.64	-53.3901	0.0	True
Stim48hr	DDX42	ENSG00000198231_Stim48hr	84	10112	18	66	25	7	True	-2.90328	86.63	-4.49637	0.00462439	True
Stim48hr	ZC3H3	ENSG00000014164_Stim48hr	139	10112	15	124	10	2	True	-1.88295	72.89	-7.11617	1.31968e-09	True
Stim48hr	ELOA	ENSG00000011007_Stim48hr	14	10282	8	6	1	25	True	-2.51146	82.46	-9.75647	2.19215e-18	True
Stim48hr	ZC3HC1	ENSG00000091732_Stim48hr	100	7962	29	71	10	0	True	-0.589288	33.53	-3.97512	0.0386701	True
Stim48hr	TNPO1	ENSG00000083312_Stim48hr	1448	9359	590	858	18	3	True	-1.80386	71.36	-7.20556	2.34024e-10	True
Stim48hr	DCP2	ENSG00000172795_Stim48hr	689	8907	141	548	22	25	True	-4.23413	94.69	-11.1821	1.53497e-25	True
Stim48hr	TARBP2	ENSG00000139546_Stim48hr	123	10282	28	95	12	0	True	-1.39149	61.88	-5.58617	5.23325e-05	True
Stim48hr	CTTN	ENSG00000085733_Stim48hr	12	10282	3	9	0	12	True	-3.4472	90.83	-5.65518	9.67574e-05	True
Stim48hr	POLRMT	ENSG00000099821_Stim48hr	152	6520	47	106	12	25	True	-0.914533	46.95	-0.94853		True
Stim48hr	SARS2	ENSG00000104835_Stim48hr	97	4183	46	52	21	25	True	-1.12885	54.27	-3.71861		True
Stim48hr	TRIT1	ENSG00000043514_Stim48hr	6	10282	1	5	0	25	True	-0.914825	46.96	-8.22142	2.54633e-12	True
Stim48hr	RBM18	ENSG00000119446_Stim48hr	382	5811	215	167	24	11	True	-2.47181	81.97	-8.14274	1.16602e-12	True
Stim48hr	MRPL34	ENSG00000130312_Stim48hr	194	9365	63	131	0	22	False					False
Stim48hr	MRPL54	ENSG00000183617_Stim48hr	61	6282	16	45	25	6	False					False
Stim48hr	CRKL	ENSG00000099942_Stim48hr	11	10282	4	7	4	3	True	-3.47063	90.98	-31.0426	1.81892e-207	True
Stim48hr	MRPL55	ENSG00000162910_Stim48hr	47	10277	9	38	25	25	False					False
Stim48hr	NDUFS3	ENSG00000213619_Stim48hr	20	10282	3	17	0	3	True	-0.993093	49.76	-11.5386	9.85353e-27	True
Stim48hr	METTL17	ENSG00000165792_Stim48hr	52	3228	34	18	25	3	True	-1.23754	57.59	-15.7229	3.51583e-52	True
Stim48hr	EEF1B2	ENSG00000114942_Stim48hr	53	2524	25	28	25	25	True	-1.70635	69.36	-22.233	4.28211e-106	True
Stim48hr	SUCLG1	ENSG00000163541_Stim48hr	68	3704	27	41	25	25	True	-3.86319	93.13	-27.7845	2.55312e-166	True
Stim48hr	MRPL51	ENSG00000111639_Stim48hr	9	10281	2	7	0	16	False					False
Stim48hr	MRPL57	ENSG00000173141_Stim48hr	23	2288	6	17	23	24	False					False
Stim48hr	MRPS27	ENSG00000113048_Stim48hr	32	10275	10	22	25	0	False					False
Stim48hr	NDUFAF5	ENSG00000101247_Stim48hr	8	10282	1	7	0	23	True	-0.470978	27.85	-2.22629	0.79284	False
Stim48hr	XPO6	ENSG00000169180_Stim48hr	10	5588	4	6	6	0	True	-2.31644	79.92	-14.7976	8.7902e-46	True
Stim48hr	SEPSECS	ENSG00000109618_Stim48hr	35	3466	19	17	25	0	True	-2.35058	80.39	-3.63403		True
Stim48hr	ZNF638	ENSG00000075292_Stim48hr	8	10282	1	7	0	2	True	-2.83965	86.03	-8.07742	8.37933e-12	True
Stim48hr	RANBP1	ENSG00000099901_Stim48hr	79	9144	44	35	12	25	False					False
Stim48hr	LETM1	ENSG00000168924_Stim48hr	20	10282	3	17	20	0	True	-2.19695	78.19	-1.6276	0.958041	False
Stim48hr	HARS2	ENSG00000112855_Stim48hr	23	10282	2	21	5	13	False					False
Stim48hr	MRPL35	ENSG00000132313_Stim48hr	69	10282	29	40	25	0	False					False
Stim48hr	RBM27	ENSG00000091009_Stim48hr	169	10118	40	129	1	0	True	-2.25065	78.99	-9.29404	1.59207e-16	True
Stim48hr	PELO	ENSG00000152684_Stim48hr	274	9777	67	207	25	12	True	-3.13628	88.63	-6.43006	2.60687e-07	True
Stim48hr	RBM15	ENSG00000162775_Stim48hr	63	2995	33	30	18	1	True	-0.950327	48.25	-9.51304	5.72201e-18	True
Stim48hr	EDC3	ENSG00000179151_Stim48hr	131	10282	42	89	24	0	True	-3.40048	90.53	-23.3801	8.62875e-117	True
Stim48hr	RPRD2	ENSG00000163125_Stim48hr	2754	10215	1105	1649	25	25	True	-3.37775	90.38	-16.0374	2.5564e-54	True
Stim48hr	EZR	ENSG00000092820_Stim48hr	16	10282	3	13	0	23	True	-0.240152	15.33	-2.854	0.390908	False
Stim48hr	SRSF8	ENSG00000263465_Stim48hr	11	10282	9	2	25	0	True	-3.85021	93.07	-13.3885	8.94461e-37	True
Stim48hr	NKIRAS2	ENSG00000168256_Stim48hr	6	10282	1	5	0	4	True	-0.430256	25.79	-2.41454	0.641068	False
Stim48hr	CNOT4	ENSG00000080802_Stim48hr	957	7964	472	485	1	25	True	-3.17652	88.94	-7.28184	9.05319e-10	True
Stim48hr	SLK	ENSG00000065613_Stim48hr	21	6757	6	15	17	10	True	-3.60327	91.77	-8.95885	2.30156e-15	True
Stim48hr	PAIP1	ENSG00000172239_Stim48hr	54	10108	16	38	25	25	True	-1.25064	57.97	-3.64317	0.0720514	True
Stim48hr	TARDBP	ENSG00000120948_Stim48hr	135	10277	17	118	0	25	False					False
Stim48hr	TRMT10A	ENSG00000145331_Stim48hr	16	10282	6	10	25	10	True	-2.56402	83.09	-15.8468	1.87223e-52	True
Stim48hr	CTU2	ENSG00000174177_Stim48hr	19	10282	8	11	11	2	True	-2.08162	76.38	-10.3421	5.75455e-21	True
Stim48hr	MOCS3	ENSG00000124217_Stim48hr	48	6764	18	30	11	20	True	-4.3306	95.03	-3.48481		False
Stim48hr	CPSF7	ENSG00000149532_Stim48hr	8	10282	3	5	2	3	True	-1.53722	65.55	-13.0659	6.52686e-35	True
Stim48hr	RBM6	ENSG00000004534_Stim48hr	7	10282	3	4	2	0	True	-3.00627	87.55	-15.4438	1.0522e-49	True
Stim48hr	POLR3GL	ENSG00000121851_Stim48hr	15	8450	0	15	0	25	True	-3.9984	93.74	-6.61475	1.62889e-07	True
Stim48hr	ZPR1	ENSG00000109917_Stim48hr	21	9578	9	12	25	6	True	-1.46338	63.74	-3.15434	0.254592	False
Stim48hr	CAND1	ENSG00000111530_Stim48hr	928	9951	399	529	0	0	True	-3.44461	90.82	-41.214	0.0	True
Stim48hr	LARP4B	ENSG00000107929_Stim48hr	12	10275	2	10	1	25	True	-0.717369	39.18	-9.91034	4.20287e-19	True
Stim48hr	P4HB	ENSG00000185624_Stim48hr	130	9954	15	115	25	25	True	-1.72277	69.7	-5.40679	3.19592e-05	True
Stim48hr	PDIA6	ENSG00000143870_Stim48hr	101	9773	8	93	25	25	True	-1.75516	70.38	-22.4173	2.72441e-107	True
Stim48hr	SEC63	ENSG00000025796_Stim48hr	646	9140	247	399	15	25	True	-1.54736	65.79	-13.4884	7.61402e-38	True
